politician_key,total_total_15yr,total_total_10yr,total_total_5yr,total_total_2025,campaign_total_15yr,campaign_total_10yr,campaign_total_5yr,campaign_total_2025,pac_total_15yr,pac_total_10yr,pac_total_5yr,pac_total_2025
Tennessee Republican Caucus,22296632,14963470,7029540,1400010,0,0,0,0,22296632,14963470,7029540,1400010
"Lee, Bill",17571230,17571230,4820715,404,17571230,17571230,4820715,404,0,0,0,0
"Haslam, Bill",13001468,246038,0,0,12501968,88538,0,0,499500,157500,0,0
Tennessee Democratic Caucus,11485889,8367338,5143316,973859,0,0,0,0,11485889,8367338,5143316,973859
"Blackburn, Marsha (Governor Campaign)",10049273,10049273,10049273,10019273,6770779,6770779,6770779,6770779,3278494,3278494,3278494,3248494
"Sexton, Cameron",9155665,8596111,6155287,1567356,4809602,4287048,2730660,530040,4346063,4309063,3424627,1037316
"McNally, Randy",7771310,7201515,3692194,680550,2540210,2013096,1046660,160100,5231100,5188419,2645534,520450
"Johnson, Jack",5892715,5098603,3761028,1597328,4459548,3734946,2750126,1332858,1433167,1363657,1010902,264470
"Dean, Karl",5759459,5759459,0,0,5759459,5759459,0,0,0,0,0,0
"Boyd, Randy",5464789,5464789,0,0,5464789,5464789,0,0,0,0,0,0
"Lamberth, William",4089636,3564494,2203208,614820,2743796,2222154,1213418,321550,1345840,1342340,989790,293270
"Bailey, Paul",3620265,3245971,2141171,751430,3040192,2665898,1691398,638830,580073,580073,449773,112600
"Harwell, Beth",3544890,2838722,0,0,2373622,2373622,0,0,1171268,465100,0,0
"Reeves, Shane",3531054,3531054,1873626,391140,3531054,3531054,1873626,391140,0,0,0,0
"Casada, Glen",3082213,1663428,172629,0,2121564,906504,3669,0,960649,756924,168960,0
"Yager, Ken",2949598,2450001,1380140,211929,1924858,1425261,878600,74889,1024740,1024740,501540,137040
"Blackburn, Marsha (Federal Pac)",2947647,2606897,763296,340236,0,0,0,0,2947647,2606897,763296,340236
"Black, Diane",2863564,2863564,0,0,2863564,2863564,0,0,0,0,0,0
"Ramsey, Ron",2637171,61329,6629,0,435688,7629,6629,0,2201483,53700,0,0
"Pearson, Justin",2483255,2483255,2483255,10423,2098585,2098585,2098585,10423,384670,384670,384670,0
"Kelsey, Brian",2318274,1630624,433393,0,1875692,1340042,235510,0,442582,290582,197883,0
"Watson, Bo",2309953,2016658,1132551,456403,1357119,1063824,708317,309617,952834,952834,424234,146786
"Norris, Mark",2221929,517032,0,0,1780704,390982,0,0,441225,126050,0,0
"Haile, Ferrell",2178768,1706824,1246460,137519,1901543,1429599,1046610,102769,277225,277225,199850,34750
"Hill, Timothy",1910000,1275647,504855,134958,1806036,1179933,504855,134958,103964,95714,0,0
"Faison, Jeremy",1768356,1476456,665508,100500,1646856,1354956,594458,100500,121500,121500,71050,0
"Martin, Jason",1724624,1724624,1724624,0,1724624,1724624,1724624,0,0,0,0,0
"Howell, Dan",1717185,1509006,1007967,362247,1717185,1509006,1007967,362247,0,0,0,0
"Dickerson, Steven",1713842,866641,0,0,1713842,866641,0,0,0,0,0,0
"McCormick, Gerald",1674843,567453,0,0,1347540,433000,0,0,327303,134453,0,0
"Briggs, Richard",1648827,1203886,738669,190554,1586577,1141636,722569,190554,62250,62250,16100,0
"Gant, Ron",1636424,1588874,863340,253178,1636424,1588874,863340,253178,0,0,0,0
"Rose, John",1615100,1615100,1615100,1615100,1615100,1615100,1615100,1615100,0,0,0,0
"Hensley, Joey",1589490,750590,367996,69040,1589490,750590,367996,69040,0,0,0,0
"Freeman, Bob",1555913,1555913,683860,100315,1555913,1555913,683860,100315,0,0,0,0
"Swann, Art",1555074,1199324,341400,0,1555074,1199324,341400,0,0,0,0,0
"Gardenhire, Todd",1542271,1221324,468568,64150,1542271,1221324,468568,64150,0,0,0,0
"Walley, Page",1538090,1538090,1068130,217000,1538090,1538090,1068130,217000,0,0,0,0
"Rose, Paul",1533456,1533456,458590,66040,1533456,1533456,458590,66040,0,0,0,0
"Hazlewood, Patsy",1519442,1321731,957659,162744,1320698,1122987,758915,0,198744,198744,198744,162744
"Massey, Becky",1507130,1233293,767997,93070,1507130,1233293,767997,93070,0,0,0,0
"Littleton, Mary",1476766,1061742,566174,110613,1438594,1023570,528002,96100,38172,38172,38172,14513
"Lundberg, Jon",1381152,1177420,694260,1250,1292081,1088849,653039,0,89071,88571,41221,1250
"Jones, Justin",1369443,1369443,1369443,13529,1369443,1369443,1369443,13529,0,0,0,0
"Vaughan, Kevin",1368739,1368739,1057205,238150,672412,672412,401378,83050,696327,696327,655827,155100
"Vital, Greg",1357575,1357575,1357575,229497,1357575,1357575,1357575,229497,0,0,0,0
"Lynn, Susan",1334796,1042971,234321,38310,1334796,1042971,234321,38310,0,0,0,0
"Pody, Mark",1311326,1191793,700116,313120,1311326,1191793,700116,313120,0,0,0,0
"Boyd, Clark",1284087,1178285,833185,209270,1056217,950415,613315,136350,227870,227870,219870,72920
"Tracy, Jim",1276722,457424,13000,0,1178722,359424,0,0,98000,98000,13000,0
"Johnson, Gloria",1258564,966732,311487,17131,1258564,966732,311487,17131,0,0,0,0
"Yarbro, Jeff",1224098,781027,302102,56730,1097098,654027,279602,53230,127000,127000,22500,3500
"Stevens, John",1220008,763945,538200,173250,1144758,688695,472450,125750,75250,75250,65750,47500
"Jackson, Ed",1156033,706721,319945,63420,1156033,706721,319945,63420,0,0,0,0
"Mitchell, Bo",1090469,613825,324675,36620,1090469,613825,324675,36620,0,0,0,0
"Williams, Ryan",1088406,868506,387370,143870,853155,645355,270520,82370,235251,223151,116850,61500
"White, Mark",1058404,920254,406609,62650,1058404,920254,406609,62650,0,0,0,0
"McManus, Stephen",1007094,293478,0,0,1007094,293478,0,0,0,0,0,0
"White, Dawn",965088,748809,388842,104820,965088,748809,388842,104820,0,0,0,0
"Helton-Haynes, Esther",936685,936685,427875,67819,936685,936685,427875,67819,0,0,0,0
"Hill, Matthew",934925,471260,0,0,911700,469760,0,0,23225,1500,0,0
"Jernigan, Darren",910497,547980,190863,15596,809249,446732,137165,0,101248,101248,53698,15596
"Sargent,  Charles",904815,276381,0,0,904815,276381,0,0,0,0,0,0
"Fitzhugh, Craig",891493,551168,0,0,758793,478518,0,0,132700,72650,0,0
"Martin, Greg",881660,881660,881660,288238,881660,881660,881660,288238,0,0,0,0
"Taylor, Brent",851255,851255,851255,418105,851255,851255,851255,418105,0,0,0,0
"Hicks, Gary",850067,845567,525799,179120,850067,845567,525799,179120,0,0,0,0
"Bell, Mike",845926,602593,114950,0,742326,498993,61200,0,103600,103600,53750,0
"Johnson, Curtis",838481,558705,135001,0,592337,375440,112558,0,246144,183265,22443,0
"Marsh, Pat",831482,679607,361761,71250,698734,547359,312908,61000,132748,132248,48853,10250
"Durham, Jeremy",827360,44118,2138,0,786060,42118,2138,0,41300,2000,0,0
"Russell, Lowell",819844,819844,478568,76232,819844,819844,478568,76232,0,0,0,0
"Campbell, Heidi",815228,815228,433048,56078,815228,815228,433048,56078,0,0,0,0
"Gilmore, Brenda",806048,699990,71200,0,806048,699990,71200,0,0,0,0,0
"Clemmons, John Ray",798655,631440,405030,110000,675905,508690,329530,95500,122750,122750,75500,14500
"Lowe, Adam",775874,706834,706834,239300,775874,706834,706834,239300,0,0,0,0
"Crowe, Rusty",769395,587845,385420,102145,769395,587845,385420,102145,0,0,0,0
"Todd, Chris",768570,768570,481128,45000,701920,701920,437628,38500,66650,66650,43500,6500
"Roberts, Kerry",762901,553675,188500,50500,759901,550675,188500,50500,3000,3000,0,0
"Hawk, David",761995,537896,301831,57350,761995,537896,301831,57350,0,0,0,0
"Niceley, Frank",753747,553638,326943,0,753747,553638,326943,0,0,0,0,0
"Hemmer, Caleb",753269,753269,753269,20766,753269,753269,753269,20766,0,0,0,0
"Cepicky, Scott",746834,746834,458030,98630,746834,746834,458030,98630,0,0,0,0
"Garrett, Johnny",743360,743360,497150,25500,681110,681110,434900,20500,62250,62250,62250,5000
"Holsclaw, John",739696,646250,222250,0,739696,646250,222250,0,0,0,0,0
"Gillespie, John",739432,739432,546502,68950,739432,739432,546502,68950,0,0,0,0
"Doss, Barry",735828,317380,0,0,735828,317380,0,0,0,0,0,0
"Green, Mark E.",727580,242726,0,0,727580,242726,0,0,0,0,0,0
"Keisling, Kelly",724974,545391,231291,39416,724974,545391,231291,39416,0,0,0,0
"McCalmon, Jake",724886,724886,724886,156140,724886,724886,724886,156140,0,0,0,0
"Overbey, Doug",713163,192033,0,0,690163,192033,0,0,23000,0,0,0
"Green, Mark",699895,229326,0,0,544654,152135,0,0,155241,77191,0,0
"Martin, Brock",679340,679340,679340,175172,679340,679340,679340,175172,0,0,0,0
"Powers, Bill",677248,677248,375738,73400,677248,677248,375738,73400,0,0,0,0
"Weaver, Terri Lynn",676252,360728,123234,0,676252,360728,123234,0,0,0,0,0
"Dixie, Vincent",659532,659532,354092,72250,659532,659532,354092,72250,0,0,0,0
"Terry, Bryan",659096,526186,271690,68595,659096,526186,271690,68595,0,0,0,0
"Curcio, Michael G.",647749,529564,112541,0,561520,443335,49837,0,86229,86229,62704,0
"Southerland, Steve",645454,503411,296637,65295,645454,503411,296637,65295,0,0,0,0
"Powell, Jason",644321,342818,175371,23762,644321,342818,175371,23762,0,0,0,0
"Camper, Karen",643120,568270,277270,40970,463145,388295,213045,35970,179975,179975,64225,5000
"Crawford, John",626042,626042,354942,126432,626042,626042,354942,126432,0,0,0,0
"Carr, Joe",610785,442757,275207,250307,88060,42950,0,0,522725,399807,275207,250307
"Cochran, Mark",606600,606600,422942,176800,606600,606600,422942,176800,0,0,0,0
"Bowling, Janice",606025,331875,92125,7750,606025,331875,92125,7750,0,0,0,0
"Travis, Ron",598178,359053,49625,5020,586678,347553,49625,5020,11500,11500,0,0
"Wirgau, Timothy",591015,288376,0,0,582644,280005,0,0,8371,8371,0,0
"Phillips, Allie",584342,584342,584342,66807,584342,584342,584342,66807,0,0,0,0
"Powers, Dennis",581122,467372,210150,54850,581122,467372,210150,54850,0,0,0,0
"Moody, Brent",572782,572782,0,0,572782,572782,0,0,0,0,0,0
"Glynn, Ronnie",568253,568253,537844,59521,568253,568253,537844,59521,0,0,0,0
"Farmer, Andrew",567369,404269,214070,38520,567369,404269,214070,38520,0,0,0,0
"Gresham, Dolores",564634,310087,0,0,564634,310087,0,0,0,0,0,0
"Ketron, Bill",560523,184600,0,0,339823,56900,0,0,220700,127700,0,0
"Harwell, Beth Halteman",533889,0,0,0,533889,0,0,0,0,0,0,0
"Brooks, Shaundelle",530914,530914,530914,39742,530914,530914,530914,39742,0,0,0,0
"Zachary, Jason",530224,476484,285353,112670,476054,422314,231183,83500,54170,54170,54170,29170
"Hicks, Tim",527900,527900,319450,74440,527900,527900,319450,74440,0,0,0,0
"Harwell (House 16), Beth Halteman",519748,272648,0,0,519748,272648,0,0,0,0,0,0
"Baum, Charlie",519537,519537,312079,62900,519537,519537,312079,62900,0,0,0,0
"Shaw, Johnny",506284,392050,187800,23000,506284,392050,187800,23000,0,0,0,0
"Rogers, Courtney L.",505806,123390,0,0,505806,123390,0,0,0,0,0,0
"Van Huss, Micah",487466,269616,0,0,487466,269616,0,0,0,0,0,0
"Butler, Ed",484014,484014,350404,169432,484014,484014,350404,169432,0,0,0,0
"Whitson, Sam",483829,483829,108650,0,483829,483829,108650,0,0,0,0,0
"Stewart, Mike",471571,364452,21310,0,471571,364452,21310,0,0,0,0,0
"Smith, Eddie",466625,343685,0,0,466625,343685,0,0,0,0,0,0
"Evans, Joshua",461916,0,0,0,461916,0,0,0,0,0,0,0
"Scarbrough, Rick",461062,461062,461062,174852,461062,461062,461062,174852,0,0,0,0
"Barrett, Jody",460020,460020,460020,47170,460020,460020,460020,47170,0,0,0,0
"Hurt, Chris",455608,455608,156277,15596,455608,455608,156277,15596,0,0,0,0
"Davis, Elaine",443994,443994,378907,46144,443994,443994,378907,46144,0,0,0,0
"Ragan, John",440535,221037,112164,0,440535,221037,112164,0,0,0,0,0
"Grills, Rusty",438036,438036,280746,52100,422036,422036,264746,44600,16000,16000,16000,7500
"Kyle, Sara",436885,369260,166505,33900,417235,349610,156005,33900,19650,19650,10500,0
"Smith, Robin",436247,436247,53399,0,436247,436247,53399,0,0,0,0,0
"Holt, Andrew",427558,193291,0,0,427558,193291,0,0,0,0,0,0
"Reedy, Jay",426217,347993,89059,15600,414177,335953,85359,15600,12040,12040,3700,0
"Ramsey, Robert (Bob)",421499,259424,67250,0,421499,259424,67250,0,0,0,0,0
"Salinas, Gabby",419512,419512,126419,50950,419512,419512,126419,50950,0,0,0,0
"Cobb, Ty",418794,0,0,0,418794,0,0,0,0,0,0,0
"Brooks, Kevin",411075,176250,0,0,351575,142500,0,0,59500,33750,0,0
"Moon, Jerome",408284,408284,189824,24324,408284,408284,189824,24324,0,0,0,0
"Bricken, Rush",407690,407690,212940,45300,407690,407690,212940,45300,0,0,0,0
"Kumar, Sabi",401759,285120,167120,40270,401759,285120,167120,40270,0,0,0,0
"Beck, Bill",401310,268647,60075,0,401310,268647,60075,0,0,0,0,0
"Rudd, Tim",396245,396245,199945,32300,396245,396245,199945,32300,0,0,0,0
"Carringer, Michele",393631,393631,304176,70919,393631,393631,304176,70919,0,0,0,0
"Carr, Dale",385669,268670,142350,0,385669,268670,142350,0,0,0,0,0
"Tillis, Thomas R.",382455,382455,0,0,382455,382455,0,0,0,0,0,0
"Carter, Mike",377908,276920,0,0,377908,276920,0,0,0,0,0,0
"Sparks, Mike",375922,268001,120362,13725,375922,268001,120362,13725,0,0,0,0
"Huseth, Jesse",373419,373419,373419,75034,373419,373419,373419,75034,0,0,0,0
"Oliver, Charlane",371475,371475,371475,70066,371475,371475,371475,70066,0,0,0,0
"North, Phillip L.",365108,0,0,0,365108,0,0,0,0,0,0,0
"Byrd, David",362650,180128,5000,0,362650,180128,5000,0,0,0,0,0
"Green, Jerri",360750,360750,243884,243884,360750,360750,243884,243884,0,0,0,0
"Harrison, Michael",351616,0,0,0,351616,0,0,0,0,0,0,0
"Beavers, Mae",342854,207031,0,0,342854,207031,0,0,0,0,0,0
"Akbari, Raumesh",337904,284590,114100,5500,296154,242840,108600,5500,41750,41750,5500,0
"Darby, Tandy",330325,330325,191726,37750,330325,330325,191726,37750,0,0,0,0
"Shepard, David",329917,0,0,0,329917,0,0,0,0,0,0,0
"Hatcher, Tom",325605,325605,325605,82470,325605,325605,325605,82470,0,0,0,0
"Eldridge, Rick",317570,317570,221095,63849,317570,317570,221095,63849,0,0,0,0
"Goldberg, Bryan",316537,316537,316537,64802,316537,316537,316537,64802,0,0,0,0
"Parkinson, Antonio",315539,244638,97877,15887,315539,244638,97877,15887,0,0,0,0
"Reneau, Michele",313044,313044,313044,117391,313044,313044,313044,117391,0,0,0,0
"Thompson, Dwayne",309319,304219,66950,0,309319,304219,66950,0,0,0,0,0
"Calfee, Kent",308189,188802,14900,0,308189,188802,14900,0,0,0,0,0
"Thompson, Brad",306974,0,0,0,306974,0,0,0,0,0,0,0
"Halford, Curtis",303876,209769,13520,0,303876,209769,13520,0,0,0,0,0
"Tate, Reginald",300900,146650,0,0,300900,146650,0,0,0,0,0,0
"Daniel, Martin",298700,205100,1000,0,298700,205100,1000,0,0,0,0,0
"Lamar, London",296939,296939,240367,6150,296939,296939,240367,6150,0,0,0,0
"Foreman, Michelle",296384,296384,296384,1560,296384,296384,296384,1560,0,0,0,0
"Hulsey, Bud",296020,185100,69800,3250,296020,185100,69800,3250,0,0,0,0
"McDaniel, Steve",292055,62400,0,0,292055,62400,0,0,0,0,0,0
"Stevens, Robert",287100,265475,265475,36424,287100,265475,265475,36424,0,0,0,0
"Gorman, Allison",281034,281034,281034,0,281034,281034,281034,0,0,0,0,0
"Sherrell, Paul",275814,275814,133815,22444,275814,275814,133815,22444,0,0,0,0
"Alexander, Rebecca",270783,270783,163459,2000,270783,270783,163459,2000,0,0,0,0
"Leatherwood, Tom",270397,270397,132052,26386,270397,270397,132052,26386,0,0,0,0
"Mata, Luis",268829,268829,268829,0,268829,268829,268829,0,0,0,0,0
"Miller, Larry",263705,185630,83850,27700,263705,185630,83850,27700,0,0,0,0
"Moody, Debra",260991,142125,68875,8270,260991,142125,68875,8270,0,0,0,0
"Love, Harold",260250,201850,60350,11500,260250,201850,60350,11500,0,0,0,0
"Burkhart, Jeff",254533,254533,222308,39150,254533,254533,222308,39150,0,0,0,0
"Spivey, Billy",253846,68800,0,0,253846,68800,0,0,0,0,0,0
"Jones, Claire",250871,250871,250871,0,250871,250871,250871,0,0,0,0,0
"Smiley,  Jb",249210,249210,249210,4300,249210,249210,249210,4300,0,0,0,0
"Maggart, Debra Young",248321,0,0,0,248321,0,0,0,0,0,0,0
"Haston, Kirk",246119,246119,103926,17400,246119,246119,103926,17400,0,0,0,0
"Humble, Gary",245503,245503,245503,53514,245503,245503,245503,53514,0,0,0,0
"Sanderson, Bill",243989,131069,0,0,243989,131069,0,0,0,0,0,0
"Barnes, Tim",243505,0,0,0,243505,0,0,0,0,0,0,0
"Bulso, Gino",243443,243443,212243,18500,243443,243443,212243,18500,0,0,0,0
"Behn, Aftyn",241848,241848,241848,69089,241848,241848,241848,69089,0,0,0,0
"Doggett, Clay",237298,237298,142775,39040,237298,237298,142775,39040,0,0,0,0
"Rudder, Iris",232056,232056,167270,46119,232056,232056,167270,46119,0,0,0,0
"Dennis, Vance",231659,27800,27800,0,231659,27800,27800,0,0,0,0,0
"Eldridge, Jimmy",230475,93037,0,0,230475,93037,0,0,0,0,0,0
"Hale, Michael",225475,225475,225475,73067,225475,225475,225475,73067,0,0,0,0
"Atchley, Fred",224862,224862,224862,51249,224862,224862,224862,51249,0,0,0,0
"Hakeem, Yusuf",223275,223275,129503,17300,223275,223275,129503,17300,0,0,0,0
"Lafferty, Justin",222617,222617,146613,33750,222617,222617,146613,33750,0,0,0,0
"Mannis, Eddie",222616,222616,52325,0,222616,222616,52325,0,0,0,0,0
"Chism, Jesse",221680,221680,178522,48230,221680,221680,178522,48230,0,0,0,0
"Vallejos, Tommy",220384,220384,139776,0,220384,220384,139776,0,0,0,0,0
"Slater, William",219800,219800,219800,47565,219800,219800,219800,47565,0,0,0,0
"Coley, James",215590,124165,0,0,215590,124165,0,0,0,0,0,0
"Fritts, Monty",213955,213955,213955,173074,213955,213955,213955,173074,0,0,0,0
"Maynard, Jerry",212500,212500,212500,0,212500,212500,212500,0,0,0,0,0
"Staples, Rick",211501,211501,0,0,211501,211501,0,0,0,0,0,0
"Haynes, Ryan",209945,0,0,0,209945,0,0,0,0,0,0,0
"Deberry,  John",208300,119800,0,0,208300,119800,0,0,0,0,0,0
"Johnson, Andrea Bond",205453,205453,22193,15900,205453,205453,22193,15900,0,0,0,0
"Ballinger, Jamie",203422,203422,0,0,203422,203422,0,0,0,0,0,0
"Butt, Sheila",202716,36009,0,0,190716,35009,0,0,12000,1000,0,0
"Gotto, Jim",201096,0,0,0,201096,0,0,0,0,0,0,0
"Harris, Jimmy",195911,195911,195911,0,195911,195911,195911,0,0,0,0,0
"Matlock, Jimmy",191690,83800,33550,33550,191690,83800,33550,33550,0,0,0,0
"Capley, Kip",191589,191589,191589,76326,191589,191589,191589,76326,0,0,0,0
"Towns, Joe",190905,135841,63340,0,190905,135841,63340,0,0,0,0,0
"Alexander, David",189184,67241,0,0,189184,67241,0,0,0,0,0,0
"Harshbarger, Bobby",188713,188713,188713,79518,188713,188713,188713,79518,0,0,0,0
"Shipley, Tony",187611,17250,0,0,187611,17250,0,0,0,0,0,0
"Lollar, Ron",185554,67024,0,0,185554,67024,0,0,0,0,0,0
"Seal, Jessie",179733,179733,179733,59607,179733,179733,179733,59607,0,0,0,0
"Kyle, Jim",178705,0,0,0,178705,0,0,0,0,0,0,0
"Reeves, Lee",178478,178478,178478,69188,178478,178478,178478,69188,0,0,0,0
"McKenzie, Sam",176363,176363,156063,24015,176363,176363,156063,24015,0,0,0,0
"Jones, Renea",176065,176065,176065,64400,176065,176065,176065,64400,0,0,0,0
"Harris, Lee",175653,58627,0,0,175653,58627,0,0,0,0,0,0
"Hancock, Bill",175606,175606,175606,175606,175606,175606,175606,175606,0,0,0,0
"Holleman, Jason",174222,0,0,0,174222,0,0,0,0,0,0,0
"Reynolds, Karen",172542,172542,172542,0,172542,172542,172542,0,0,0,0,0
"Coggin, Adam",172225,0,0,0,172225,0,0,0,0,0,0,0
"Emert, Jason",171710,90580,90580,0,171710,90580,90580,0,0,0,0,0
"Cooper, Barbara",170961,133986,45890,0,170961,133986,45890,0,0,0,0,0
"Hodges, Jason",170564,170564,28325,0,170564,170564,28325,0,0,0,0,0
"Matheny, Judd",170174,59419,0,0,170174,59419,0,0,0,0,0,0
"Maberry, Aron",170088,170088,170088,110659,170088,170088,170088,110659,0,0,0,0
"Mumpower, Jason",167261,84550,0,0,0,0,0,0,167261,84550,0,0
"Coleman, Erin",166970,166970,0,0,166970,166970,0,0,0,0,0,0
"Todd, Curry",161369,68270,0,0,161369,68270,0,0,0,0,0,0
"Weatherspoon, David",159288,159288,14246,14246,159288,159288,14246,14246,0,0,0,0
"Dunn, Bill",159239,103709,0,0,159239,103709,0,0,0,0,0,0
"Cochran, Joni",155564,155564,155564,32858,155564,155564,155564,32858,0,0,0,0
"Munday, Wade",151883,151883,0,0,151883,151883,0,0,0,0,0,0
"Raper, Kevin",151815,151815,151815,28224,151815,151815,151815,28224,0,0,0,0
"Campbell, Scotty",151623,151623,93022,0,151623,151623,93022,0,0,0,0,0
"Templeton, Jai",149896,149896,0,0,149896,149896,0,0,0,0,0,0
"Warner, Todd",149875,149875,124675,33040,149875,149875,124675,33040,0,0,0,0
"Vital (2012), Greg A.",149676,0,0,0,149676,0,0,0,0,0,0,0
"Jones, Sherry",148338,20300,0,0,148338,20300,0,0,0,0,0,0
"Testerman, Janet",143615,143615,143615,0,143615,143615,143615,0,0,0,0,0
"Stinnett, Tom",142917,142917,142917,40125,142917,142917,142917,40125,0,0,0,0
"Odom, Gary",139700,0,0,0,139700,0,0,0,0,0,0,0
"Dunlap, W. Kevin",138188,54900,0,0,138188,54900,0,0,0,0,0,0
"Abernathy, Kimi",138010,138010,0,0,138010,138010,0,0,0,0,0,0
"Porch, Andrew",137480,101480,0,0,137480,101480,0,0,0,0,0,0
"Scruggs, Glenn",136895,136895,0,0,136895,136895,0,0,0,0,0,0
"Forgety, John W.",134899,35307,0,0,134899,35307,0,0,0,0,0,0
"Williamson, Charles",131888,0,0,0,131888,0,0,0,0,0,0,0
"Rampy, Wyatt",131692,131692,131692,0,131692,131692,131692,0,0,0,0,0
"Harris, Torrey",130372,130372,39975,4850,130372,130372,39975,4850,0,0,0,0
"Harper, Thelma",129701,15050,0,0,129701,15050,0,0,0,0,0,0
"Lennon, Kathy",129181,129181,129181,0,129181,129181,129181,0,0,0,0,0
"Kane, Roger",129040,31493,0,0,129040,31493,0,0,0,0,0,0
"Dewitt, Deanne",128400,128400,128400,0,128400,128400,128400,0,0,0,0,0
"Pinkston, Lauren",128382,128382,128382,128382,128382,128382,128382,128382,0,0,0,0
"Hackworth, Jim",126940,0,0,0,126940,0,0,0,0,0,0,0
"Mancini, Mary",126067,0,0,0,126067,0,0,0,0,0,0,0
"Carriger, Phillip R.",125000,0,0,0,125000,0,0,0,0,0,0,0
"Windle, John Mark",123300,750,0,0,123300,750,0,0,0,0,0,0
"Tidwell, John",121309,0,0,0,121309,0,0,0,0,0,0,0
"Pitts, Joe",121275,39400,0,0,121275,39400,0,0,0,0,0,0
"Poczobut, David",121199,121199,121199,0,121199,121199,121199,0,0,0,0,0
"Spencer, Chris",119657,119657,119657,0,119657,119657,119657,0,0,0,0,0
"Wright, Dave",119248,119248,68250,21700,119248,119248,68250,21700,0,0,0,0
"Maddox, Mark",118738,0,0,0,118738,0,0,0,0,0,0,0
"Watson, Eric",118639,0,0,0,118639,0,0,0,0,0,0,0
"Rich, Barrett",118438,2563,2563,0,118438,2563,2563,0,0,0,0,0
"Phillips, Mariah",116907,116907,0,0,116907,116907,0,0,0,0,0,0
"Hall, Steve",116675,18750,0,0,116675,18750,0,0,0,0,0,0
"Montgomery, Richard",115186,0,0,0,115186,0,0,0,0,0,0,0
"Ogles, Brandon",113499,113499,13950,0,113499,113499,13950,0,0,0,0,0
"Bobo, Chad",112489,112489,112489,52,112489,112489,112489,52,0,0,0,0
"Averwater, Jami K.",110661,110661,110661,0,110661,110661,110661,0,0,0,0,0
"Thongnopnua, Joda",108837,108837,0,0,108837,108837,0,0,0,0,0,0
"Powell (2018), Jason",107386,107386,0,0,107386,107386,0,0,0,0,0,0
"Gravitt, Marc",107050,32175,0,0,107050,32175,0,0,0,0,0,0
"Goins, Tilman",106450,39200,0,0,106450,39200,0,0,0,0,0,0
"Proctor, Mark",106311,106311,106311,106311,106311,106311,106311,106311,0,0,0,0
"Gawrys, Steve",106229,37849,0,0,106229,37849,0,0,0,0,0,0
"Madeira, Elizabeth",105377,105377,0,0,105377,105377,0,0,0,0,0,0
"Creasy, Allan",104217,104217,0,0,104217,104217,0,0,0,0,0,0
"Brooks, Harry",103914,10758,0,0,103914,10758,0,0,0,0,0,0
"Sexton, Jerry",103486,55536,4750,0,103486,55536,4750,0,0,0,0,0
"Wilburn, Leigh",101985,0,0,0,101985,0,0,0,0,0,0,0
"Griffey, Bruce I.",101537,101537,28629,0,101537,101537,28629,0,0,0,0,0
"Turner, Michael L. (Mike)",101125,0,0,0,101125,0,0,0,0,0,0,0
"Curtiss, Charles",99287,0,0,0,92037,0,0,0,7250,0,0,0
"Lamb, Randy",99004,0,0,0,99004,0,0,0,0,0,0,0
"Wallace, Jennifer Buck",98767,0,0,0,98767,0,0,0,0,0,0,0
"Peltz, Jamie Dean",97211,97211,97211,0,97211,97211,97211,0,0,0,0,0
"Armstrong, Joe",96381,3600,0,0,96381,3600,0,0,0,0,0,0
"McCall, Holly",95907,95907,0,0,95907,95907,0,0,0,0,0,0
"Brewer, Troy",95857,0,0,0,95857,0,0,0,0,0,0,0
"Beathard, Brian",93741,93741,93741,0,93741,93741,93741,0,0,0,0,0
"Burgess, Ernest",93000,93000,0,0,93000,93000,0,0,0,0,0,0
"Robinson, Katrina",92206,92206,2000,0,92206,92206,2000,0,0,0,0,0
"Tappan, Frederick D.",92192,92192,92192,0,92192,92192,92192,0,0,0,0,0
"Ravener, Bob",91193,91193,91193,0,91193,91193,91193,0,0,0,0,0
"Favors, Joanne",91125,33250,0,0,91125,33250,0,0,0,0,0,0
"Roach, Dennis (Coach)",90579,0,0,0,90579,0,0,0,0,0,0,0
"Williams, Joseph",90535,90535,0,0,90535,90535,0,0,0,0,0,0
"Glover, Steve",89775,89775,0,0,89775,89775,0,0,0,0,0,0
"Powell-Dennis, Ruby",88686,88686,61258,0,88686,88686,61258,0,0,0,0,0
"Swallows, Matt",88550,0,0,0,88550,0,0,0,0,0,0,0
"Williams, W. Kent",87425,0,0,0,76925,0,0,0,10500,0,0,0
"Winton, Michael",87360,87360,0,0,87360,87360,0,0,0,0,0,0
"Dawson, John",87336,87336,1750,0,87336,87336,1750,0,0,0,0,0
"Carfi, Mary Alice",86333,86333,0,0,86333,86333,0,0,0,0,0,0
"Dodson, Jim",85498,85498,85498,0,85498,85498,85498,0,0,0,0,0
"Campfield, Stacey",85210,10650,0,0,85210,10650,0,0,0,0,0,0
"Hall (Senate), Mark",84625,84625,84625,0,84625,84625,84625,0,0,0,0,0
"Clark, Jay",84458,84458,229,0,84458,84458,229,0,0,0,0,0
"Massey,  William Nathan",84317,84317,0,0,84317,84317,0,0,0,0,0,0
"Frensley Webb, Jennifer",83568,83568,83568,0,83568,83568,83568,0,0,0,0,0
"Hall, Mark",82416,82416,0,0,82416,82416,0,0,0,0,0,0
"Davis, Anthony",81901,81901,81901,0,81901,81901,81901,0,0,0,0,0
"Claybaker, Ben",81840,0,0,0,81840,0,0,0,0,0,0,0
"Beale, Alison",81658,81658,81658,397,81658,81658,81658,397,0,0,0,0
"Harris, Brian Matthew (Matt)",81261,81261,81261,0,81261,81261,81261,0,0,0,0,0
"Wilkinson, Nicholas A.",80410,80410,0,0,80410,80410,0,0,0,0,0,0
"Fancher, Gabriel",80100,80100,80100,0,80100,80100,80100,0,0,0,0,0
"Hardaway, G.A.",79701,24050,2250,0,79701,24050,2250,0,0,0,0,0
"Craig, Kate",79368,79368,79368,0,79368,79368,79368,0,0,0,0,0
"McCormick, Scott",79227,79227,0,0,79227,79227,0,0,0,0,0,0
"Couch, Virginia",79062,79062,0,0,79062,79062,0,0,0,0,0,0
"Loe, Gary",78977,0,0,0,78977,0,0,0,0,0,0,0
"Andreson, Laura",78460,78460,78460,13960,78460,78460,78460,13960,0,0,0,0
"McCalmon, Jacob",77120,77120,40620,8000,0,0,0,0,77120,77120,40620,8000
"Dawson, Richard",76901,76901,0,0,76901,76901,0,0,0,0,0,0
"Moth, Chris",76423,66488,0,0,76423,66488,0,0,0,0,0,0
"Hensley, Ted",76092,0,0,0,76092,0,0,0,0,0,0,0
"Shutt, Bob",75705,75705,0,0,75705,75705,0,0,0,0,0,0
"Turner, Johnnie R.",74187,43537,0,0,74187,43537,0,0,0,0,0,0
"Schonbaum, Danielle",73471,73471,0,0,73471,73471,0,0,0,0,0,0
"Possel, Patricia",73130,73130,0,0,73130,73130,0,0,0,0,0,0
"Dean, Vince",72373,0,0,0,72373,0,0,0,0,0,0,0
"Aikens, Tony R.",71370,71370,0,0,71370,71370,0,0,0,0,0,0
"Moore, Calvin",71329,17500,0,0,71329,17500,0,0,0,0,0,0
"Ali, Hana",70995,70995,0,0,70995,70995,0,0,0,0,0,0
"Womick, Rick",70450,0,0,0,70450,0,0,0,0,0,0,0
"Smith, Joe",70158,70158,70158,0,70158,70158,70158,0,0,0,0,0
"Bryan, Domonica",70106,70106,70106,0,70106,70106,70106,0,0,0,0,0
"Morrell, Tim",69850,69850,0,0,69850,69850,0,0,0,0,0,0
"Sneed, Susan",69442,69442,0,0,69442,69442,0,0,0,0,0,0
"Backus, Anne",69337,69337,69337,6629,69337,69337,69337,6629,0,0,0,0
"Mai, Teri",69330,69330,69330,13344,69330,69330,69330,13344,0,0,0,0
"Rice, Meryl",69199,0,0,0,69199,0,0,0,0,0,0,0
"Ferry, Matt H.",68808,68808,34378,3186,68808,68808,34378,3186,0,0,0,0
"Finney, Lowe",68801,0,0,0,68801,0,0,0,0,0,0,0
"MacKay, Greg",67833,67833,0,0,67833,67833,0,0,0,0,0,0
"Nordstrom, Noah",67267,67267,67267,0,67267,67267,67267,0,0,0,0,0
"Bush, Jay",66247,66247,0,0,66247,66247,0,0,0,0,0,0
"Davis, Nevada Scott",65992,65992,0,0,65992,65992,0,0,0,0,0,0
"Morrell, Kent A.",65447,65447,65447,39442,65447,65447,65447,39442,0,0,0,0
"Holmes, Menda",65035,65035,0,0,65035,65035,0,0,0,0,0,0
"Toney, Brandon",64700,64700,64700,0,64700,64700,64700,0,0,0,0,0
"Gross, Tony",64538,0,0,0,64538,0,0,0,0,0,0,0
"Dunham, Robert F.",63997,0,0,0,63997,0,0,0,0,0,0,0
"Marcum, Tucker",63517,63517,63517,0,63517,63517,63517,0,0,0,0,0
"Siler, Cheri Kay",63459,0,0,0,63459,0,0,0,0,0,0,0
"Kaplan, Gregory B.",62817,62817,62817,0,62817,62817,62817,0,0,0,0,0
"Carson, Karen",62155,0,0,0,62155,0,0,0,0,0,0,0
"Harwell (House 18), Beth",62100,62100,0,0,62100,62100,0,0,0,0,0,0
"Young, Kenny",59942,0,0,0,59942,0,0,0,0,0,0,0
"Rowland, Elizabeth",58138,58138,0,0,58138,58138,0,0,0,0,0,0
"Rogers, Courtenay",58105,58105,0,0,58105,58105,0,0,0,0,0,0
"Holmes, Aj",58032,58032,0,0,58032,58032,0,0,0,0,0,0
"Hughes, Scott",56556,0,0,0,56556,0,0,0,0,0,0,0
"Wright, Steve R.",55854,0,0,0,55854,0,0,0,0,0,0,0
"Lewis, Jim",55290,0,0,0,55290,0,0,0,0,0,0,0
"Johnson, Brian",55086,55086,55086,0,55086,55086,55086,0,0,0,0,0
"Silverman, Len",54915,0,0,0,54915,0,0,0,0,0,0,0
"Cardoza-Moore, Laurie",53458,53458,53458,0,53458,53458,53458,0,0,0,0,0
"Shafer, Heidi",53215,53215,0,0,53215,53215,0,0,0,0,0,0
"Thomas, Brandon",53057,53057,0,0,53057,53057,0,0,0,0,0,0
"Potts, Jason",52975,48750,1600,0,52975,48750,1600,0,0,0,0,0
"Englen, Doug",52580,52580,1000,0,52580,52580,1000,0,0,0,0,0
"Nelson, Laura",52352,52352,52352,0,52352,52352,52352,0,0,0,0,0
"Hammond, Cherie",51480,0,0,0,51480,0,0,0,0,0,0,0
"Fulbright, Michael",51390,51390,0,0,51390,51390,0,0,0,0,0,0
"Brasher, Tyler",51258,51258,51258,0,51258,51258,51258,0,0,0,0,0
"Wang, John",50516,0,0,0,50516,0,0,0,0,0,0,0
"Ewing, Rick",50360,50360,50360,50360,50360,50360,50360,50360,0,0,0,0
"Jordan, Gayle",50238,50238,0,0,50238,50238,0,0,0,0,0,0
"Carona, Ailina",49838,49838,49838,62,49838,49838,49838,62,0,0,0,0
"Veeneman, Judy",48437,0,0,0,48437,0,0,0,0,0,0,0
"Marrero, Beverly",48265,4900,0,0,48265,4900,0,0,0,0,0,0
"Smith, Sarah",48031,0,0,0,48031,0,0,0,0,0,0,0
"Duvall, Robert",47503,0,0,0,47503,0,0,0,0,0,0,0
"Hayes, Linda",47263,0,0,0,47263,0,0,0,0,0,0,0
"Washington, Joyce",47192,0,0,0,47192,0,0,0,0,0,0,0
"Smith, Sarah M.",46145,0,0,0,46145,0,0,0,0,0,0,0
"Waggoner, Michael P. (Mike)",46000,46000,0,0,46000,46000,0,0,0,0,0,0
"White, Wayne",45726,0,0,0,45726,0,0,0,0,0,0,0
"Mills, Lee",45702,45702,20052,0,45702,45702,20052,0,0,0,0,0
"Irvine, Monica",45391,45391,45391,0,45391,45391,45391,0,0,0,0,0
"Charles, Juanita",44656,44656,0,0,44656,44656,0,0,0,0,0,0
"Callis, Angela",44399,44399,0,0,44399,44399,0,0,0,0,0,0
"Keenan, Perry",44182,44182,44182,44182,44182,44182,44182,44182,0,0,0,0
"Vannoy, Jennifer",43849,43849,0,0,43849,43849,0,0,0,0,0,0
"McGary, Andrae'",43745,0,0,0,43745,0,0,0,0,0,0,0
"Elam, Linda",43088,0,0,0,43088,0,0,0,0,0,0,0
"Lankford, Michael",42820,42820,42820,42820,42820,42820,42820,42820,0,0,0,0
"Reed, Candace",41986,0,0,0,41986,0,0,0,0,0,0,0
"Miller-Watkins, Civil",41498,41498,0,0,41498,41498,0,0,0,0,0,0
"Wilkinson, Khristy",41085,41085,0,0,41085,41085,0,0,0,0,0,0
"Cox, Beth",41054,41054,0,0,41054,41054,0,0,0,0,0,0
"Coker, Jeff",40931,0,0,0,40931,0,0,0,0,0,0,0
"Glaser, Steven",40168,0,0,0,40168,0,0,0,0,0,0,0
"Yokley, Eddie",39977,0,0,0,39977,0,0,0,0,0,0,0
"Jeter, Ray",39497,39497,39497,0,39497,39497,39497,0,0,0,0,0
"McLaughlin, Deanna",39460,39460,39460,0,39460,39460,39460,0,0,0,0,0
"Mortensen, Rob",39400,0,0,0,39400,0,0,0,0,0,0,0
"Winder,  Donald",38625,38625,0,0,38625,38625,0,0,0,0,0,0
"Hutchison, Tim",38061,19246,0,0,38061,19246,0,0,0,0,0,0
"Cuellar, Diana",37837,0,0,0,37837,0,0,0,0,0,0,0
"Stewart, Brian",37745,37745,37745,37745,37745,37745,37745,37745,0,0,0,0
"Proffitt, Larry",37652,37652,0,0,37652,37652,0,0,0,0,0,0
"Hughes, Dan",36810,36810,0,0,36810,36810,0,0,0,0,0,0
"Ford, Dale",36400,0,0,0,36400,0,0,0,0,0,0,0
"Hurley, Julia",36300,0,0,0,36300,0,0,0,0,0,0,0
"Harrell, Lee",36200,0,0,0,36200,0,0,0,0,0,0,0
"Huett-Garcia, Amber",35930,35930,0,0,35930,35930,0,0,0,0,0,0
"Purington, Rebecca",35809,35809,0,0,35809,35809,0,0,0,0,0,0
"Henderson, Jordan",35643,35643,35643,35643,35643,35643,35643,35643,0,0,0,0
"Stewart, Bobby",35076,0,0,0,35076,0,0,0,0,0,0,0
"Marshall, Melissa",34947,34947,0,0,34947,34947,0,0,0,0,0,0
"Mallicote, Benjamin K.",34900,0,0,0,34900,0,0,0,0,0,0,0
"Memula, Sanjeev",34845,34845,13831,0,34845,34845,13831,0,0,0,0,0
"Ferry, Matt",34404,34404,17189,1593,34404,34404,17189,1593,0,0,0,0
"McMahan, John",34292,34292,0,0,34292,34292,0,0,0,0,0,0
"Miller, Don",34274,0,0,0,34274,0,0,0,0,0,0,0
"Farmer, Trisha",34025,34025,0,0,34025,34025,0,0,0,0,0,0
"West, Beth",33784,33784,33784,33784,33784,33784,33784,33784,0,0,0,0
"Kirkpatrick, Joe",33500,33500,33500,0,33500,33500,33500,0,0,0,0,0
"Steward, Nick",33106,0,0,0,33106,0,0,0,0,0,0,0
"Bounds, Patti",32370,32370,0,0,32370,32370,0,0,0,0,0,0
"Lockhart, William A.",32084,32084,0,0,32084,32084,0,0,0,0,0,0
"Fischman, Nancy",31614,24191,0,0,31614,24191,0,0,0,0,0,0
"Curry, Shirley B.",31562,0,0,0,31562,0,0,0,0,0,0,0
"Rogers, Sydney",31463,31463,0,0,31463,31463,0,0,0,0,0,0
"Jones, David",31422,31422,0,0,31422,31422,0,0,0,0,0,0
"McClendon, Heather",31295,31295,31295,0,31295,31295,31295,0,0,0,0,0
"Fotopulos, Stephen",30871,0,0,0,30871,0,0,0,0,0,0,0
"Williams, Scott P.",30834,30834,0,0,30834,30834,0,0,0,0,0,0
"Porterfield, Delishia",30786,30786,30786,0,30786,30786,30786,0,0,0,0,0
"Weathers, Troy",30550,30550,30550,0,30550,30550,30550,0,0,0,0,0
"George, Jane",30550,30550,0,0,30550,30550,0,0,0,0,0,0
"Cody, Kenny",30410,30410,30410,30410,30410,30410,30410,30410,0,0,0,0
"Fitterer, Matt",30328,30328,30328,0,30328,30328,30328,0,0,0,0,0
"Bohling, Laura",30314,30314,20530,0,30314,30314,20530,0,0,0,0,0
"Johnson, Eddie",30150,30150,0,0,30150,30150,0,0,0,0,0,0
"Ashworth, Julie Byrd",30056,30056,0,0,30056,30056,0,0,0,0,0,0
"Goff, Becky",29972,29972,0,0,29972,29972,0,0,0,0,0,0
"Baker, Butch",29750,29750,29750,29750,29750,29750,29750,29750,0,0,0,0
"Hood, Casey",29683,29683,0,0,29683,29683,0,0,0,0,0,0
"Ford, Ophelia",29528,0,0,0,29528,0,0,0,0,0,0,0
"Louallen, John",29250,29250,29250,29250,29250,29250,29250,29250,0,0,0,0
"Jones,  Howard E.",29094,29094,0,0,29094,29094,0,0,0,0,0,0
"Bahou, A. J.",28782,28782,28782,0,28782,28782,28782,0,0,0,0,0
"Richardson, Jeanne",28754,0,0,0,28754,0,0,0,0,0,0,0
"Burnett, Matthew",28500,0,0,0,28500,0,0,0,0,0,0,0
"Sawyer, Tami (Tamara)",28243,28243,0,0,28243,28243,0,0,0,0,0,0
"Frost, Dominique",28230,28230,10383,0,28230,28230,10383,0,0,0,0,0
"Mason, Johnathan",28193,28193,0,0,28193,28193,0,0,0,0,0,0
"Park, Matthew",27913,27913,0,0,27913,27913,0,0,0,0,0,0
"Jester, Tim",27900,27900,27900,0,27900,27900,27900,0,0,0,0,0
"Abney, Carol Venea",27724,27724,0,0,27724,27724,0,0,0,0,0,0
"Patrick, John",27666,27666,0,0,27666,27666,0,0,0,0,0,0
"Hedgecough, Angela",27553,27553,0,0,27553,27553,0,0,0,0,0,0
"Shekari, Melody",27450,27450,1000,0,27450,27450,1000,0,0,0,0,0
"Rich, Jason",27000,27000,27000,0,27000,27000,27000,0,0,0,0,0
"Hathaway, Rob",26999,0,0,0,26999,0,0,0,0,0,0,0
"Summerville, Jim",26750,0,0,0,26750,0,0,0,0,0,0,0
"Collins, Amanda",26682,26682,26682,0,26682,26682,26682,0,0,0,0,0
"Schutt, Robert",26600,26600,0,0,26600,26600,0,0,0,0,0,0
"Dallas, James Evan",26537,26537,26537,0,26537,26537,26537,0,0,0,0,0
"Crisp, Jane R.",26513,0,0,0,26513,0,0,0,0,0,0,0
"Stout, William Clayton",26336,0,0,0,26336,0,0,0,0,0,0,0
"Southern, Kyle",26024,26024,0,0,26024,26024,0,0,0,0,0,0
"Crangle, Tommy F.",25934,0,0,0,25934,0,0,0,0,0,0,0
"Hall, Donnie",25917,25917,25917,0,25917,25917,25917,0,0,0,0,0
"Gilliam, Jason",25775,25775,25775,0,25775,25775,25775,0,0,0,0,0
"Mills, Amber",25451,25451,25451,25451,25451,25451,25451,25451,0,0,0,0
"Patton, Johnny R.",25451,0,0,0,25451,0,0,0,0,0,0,0
"Hipps, Amelia",25416,25416,0,0,25416,25416,0,0,0,0,0,0
"Drake, Rose Mary",25414,25414,25414,0,25414,25414,25414,0,0,0,0,0
"Hullender, Tony",25395,25395,25395,25395,25395,25395,25395,25395,0,0,0,0
"Tees, Donna",25280,25280,0,0,25280,25280,0,0,0,0,0,0
"Griffith, Roger W.",25140,0,0,0,25140,0,0,0,0,0,0,0
"Rowland, Donna",25000,0,0,0,25000,0,0,0,0,0,0,0
"Cobb, James",24960,0,0,0,24960,0,0,0,0,0,0,0
"Chance, Eric",24950,0,0,0,24950,0,0,0,0,0,0,0
"Hendrix, Gayla",24905,24905,0,0,24905,24905,0,0,0,0,0,0
"Crutchfield, Missy",24810,24810,24810,0,24810,24810,24810,0,0,0,0,0
"Northcutt, Kelly",24731,24731,13322,0,24731,24731,13322,0,0,0,0,0
"Hammond, Cary",24547,24547,24547,0,24547,24547,24547,0,0,0,0,0
"Stanley, Angie",24350,24350,24350,0,24350,24350,24350,0,0,0,0,0
"Jelks, Deangelo",24043,24043,24043,0,24043,24043,24043,0,0,0,0,0
"Deberry, Lois",24000,0,0,0,24000,0,0,0,0,0,0,0
"Nelson, Edward",23983,23983,0,0,23983,23983,0,0,0,0,0,0
"Oster, Gina",23895,23895,0,0,23895,23895,0,0,0,0,0,0
"Lovell, Mark",23696,23696,0,0,23696,23696,0,0,0,0,0,0
"Singh, Seema",23656,23656,23656,0,23656,23656,23656,0,0,0,0,0
"Coleman, Erica Nicole",23506,23506,23506,0,23506,23506,23506,0,0,0,0,0
"Dickey, H. Dean",23457,0,0,0,23457,0,0,0,0,0,0,0
"Richey, Bryan",23390,23390,22140,0,23390,23390,22140,0,0,0,0,0
"Day, Lauri",23250,0,0,0,23250,0,0,0,0,0,0,0
"Hawn, Derek",22892,22892,22892,0,22892,22892,22892,0,0,0,0,0
"Robinson, Bobby",22739,22739,13000,0,22739,22739,13000,0,0,0,0,0
"Quillen, Anne F.",22385,22385,9360,0,22385,22385,9360,0,0,0,0,0
"Shane, Aaron",22150,22150,0,0,22150,22150,0,0,0,0,0,0
"Williams, Keith",22000,22000,0,0,22000,22000,0,0,0,0,0,0
"Pedigo, Tommy",22000,22000,0,0,22000,22000,0,0,0,0,0,0
"Peppers, Rick",22000,0,0,0,22000,0,0,0,0,0,0,0
"Jackson, Cynthia Bundren",21936,9736,0,0,21936,9736,0,0,0,0,0,0
"Scott, Garfield",21880,21880,21880,0,21880,21880,21880,0,0,0,0,0
"Smith, Noah",21700,21700,21700,21700,21700,21700,21700,21700,0,0,0,0
"Roller, Steve",21674,0,0,0,21674,0,0,0,0,0,0,0
"Clayton, Terry",21569,21569,0,0,21569,21569,0,0,0,0,0,0
"Bundren Jackson, Cynthia",21530,0,0,0,21530,0,0,0,0,0,0,0
"Rounds, Harold",21400,0,0,0,21400,0,0,0,0,0,0,0
"Beavers, Dennis H.",21150,21150,21150,2950,21150,21150,21150,2950,0,0,0,0
"Keen, Chad",21100,21100,0,0,21100,21100,0,0,0,0,0,0
"Oakes, Mark S.",21046,0,0,0,21046,0,0,0,0,0,0,0
"Weston, Pamela O.",21040,16602,0,0,21040,16602,0,0,0,0,0,0
"Batt, Brad",20617,20617,10779,0,20617,20617,10779,0,0,0,0,0
"Darden, Stephen",20600,20600,0,0,20600,20600,0,0,0,0,0,0
"Hill, George Thomas",20570,0,0,0,20570,0,0,0,0,0,0,0
"Bright, Nick",20501,20501,20501,0,20501,20501,20501,0,0,0,0,0
"Burke, Rebecca Ann",20209,20209,0,0,20209,20209,0,0,0,0,0,0
"Grimm, Kristen M",20153,20153,0,0,20153,20153,0,0,0,0,0,0
"Turner,  James C.",19950,19950,0,0,19950,19950,0,0,0,0,0,0
"Ramsey, Marjorie",19934,4560,0,0,19934,4560,0,0,0,0,0,0
"Love, Lori",19852,19852,19852,0,19852,19852,19852,0,0,0,0,0
"Davis, Kisha",19785,19785,19785,0,19785,19785,19785,0,0,0,0,0
"Poe, James",19531,19531,0,0,19531,19531,0,0,0,0,0,0
"Cobb, James T. (Bubba)",19505,19505,19505,0,19505,19505,19505,0,0,0,0,0
"Pohlgeers, Dan",19500,19500,19500,19500,19500,19500,19500,19500,0,0,0,0
"White, Bill",19467,19467,19467,0,19467,19467,19467,0,0,0,0,0
"Dodds, Brandon",19420,1500,0,0,19420,1500,0,0,0,0,0,0
"Wildridge, Gordon D.",19400,19400,16450,0,19400,19400,16450,0,0,0,0,0
"Canada, Diane Michel",19354,19354,0,0,19354,19354,0,0,0,0,0,0
"Borchert, Billy",19340,19340,0,0,19340,19340,0,0,0,0,0,0
"Patrick-Wright, Lindsey",19335,19335,19335,19335,19335,19335,19335,19335,0,0,0,0
"Waters, Patricia",19280,19280,19280,0,19280,19280,19280,0,0,0,0,0
"Bolton, Julian T.",19050,19050,19050,0,19050,19050,19050,0,0,0,0,0
"Smith, Catrina",18980,18980,0,0,18980,18980,0,0,0,0,0,0
"Floyd, Richard",18600,0,0,0,18600,0,0,0,0,0,0,0
"Turner, Steven",18490,0,0,0,18490,0,0,0,0,0,0,0
"Melton, Lexi",18346,18346,18346,0,18346,18346,18346,0,0,0,0,0
"Hall (House), Mark",18175,18175,18175,0,18175,18175,18175,0,0,0,0,0
"Cowan, Judd",18060,18060,0,0,18060,18060,0,0,0,0,0,0
"Parsons, Kevin",18000,0,0,0,18000,0,0,0,0,0,0,0
"Dockery, Rueben",17800,17800,5200,0,17800,17800,5200,0,0,0,0,0
"Fiscus, Bradley",17505,17505,0,0,17505,17505,0,0,0,0,0,0
"Means, Jessica",17502,17502,17502,17502,17502,17502,17502,17502,0,0,0,0
"Bruni, Sylvain",17378,17378,17378,1100,17378,17378,17378,1100,0,0,0,0
"Ford, Kemba",17150,0,0,0,17150,0,0,0,0,0,0,0
"White, Sr., Charles W.",17125,0,0,0,17125,0,0,0,0,0,0,0
"Nolan, Caitlin",17125,0,0,0,17125,0,0,0,0,0,0,0
"Hatten, Johnnie",17000,17000,0,0,17000,17000,0,0,0,0,0,0
"Yancey, Jonathan",16750,16750,16750,0,16750,16750,16750,0,0,0,0,0
"Coury, Joe",16750,16750,0,0,16750,16750,0,0,0,0,0,0
"Farris, Dwight 'Dj'",16702,0,0,0,16702,0,0,0,0,0,0,0
"Wallace, Ludye N.",16500,16500,16500,0,16500,16500,16500,0,0,0,0,0
"Kernell, Mike",16475,0,0,0,16475,0,0,0,0,0,0,0
"Kosack, Kurt",16464,16464,16464,0,16464,16464,16464,0,0,0,0,0
"Lawless, Angie",16450,16450,16450,16450,16450,16450,16450,16450,0,0,0,0
"Williams, Daniel",16385,16385,0,0,16385,16385,0,0,0,0,0,0
"Romero, Eva",16165,16165,16165,16165,16165,16165,16165,16165,0,0,0,0
"Clemons, Chase",15938,15938,0,0,15938,15938,0,0,0,0,0,0
"Kiser, Dennis",15934,0,0,0,15934,0,0,0,0,0,0,0
"Clark, Doug",15889,0,0,0,15889,0,0,0,0,0,0,0
"Hooven, David C.",15831,15831,15831,0,15831,15831,15831,0,0,0,0,0
"Castle Doyle, Deborah",15800,15800,15800,0,15800,15800,15800,0,0,0,0,0
"Fannon, Bob",15645,15645,0,0,15645,15645,0,0,0,0,0,0
"Nelson, Jesse",15600,15600,0,0,15600,15600,0,0,0,0,0,0
"Linton, Lawrence",15526,15526,15526,0,15526,15526,15526,0,0,0,0,0
"Jowers, Danny C.",15300,0,0,0,15300,0,0,0,0,0,0,0
"Field, Avery",15241,15241,0,0,15241,15241,0,0,0,0,0,0
"Johnson, Murphey",15100,15100,0,0,15100,15100,0,0,0,0,0,0
"Walling, Justin",15070,0,0,0,15070,0,0,0,0,0,0,0
"Lundy, Dasha",15050,15050,15050,0,15050,15050,15050,0,0,0,0,0
"Harris, Robert A.",14926,14926,0,0,14926,14926,0,0,0,0,0,0
"Franklin, Telisa",14852,14852,14852,3247,14852,14852,14852,3247,0,0,0,0
"Reed, Deborah K.",14650,14650,0,0,14650,14650,0,0,0,0,0,0
"Smoak, Guy",14600,14600,0,0,14600,14600,0,0,0,0,0,0
"Beavers (Senate), Mae",14580,8500,0,0,14580,8500,0,0,0,0,0,0
"Primer, Dominique",14571,14571,0,0,14571,14571,0,0,0,0,0,0
"Richardson, Will",14535,14535,14535,0,14535,14535,14535,0,0,0,0,0
"King, Tamra",14457,14457,0,0,14457,14457,0,0,0,0,0,0
"Chandler, Walter",14457,14457,14457,0,14457,14457,14457,0,0,0,0,0
"Brooks, John Allen",14450,14450,14450,0,14450,14450,14450,0,0,0,0,0
"Osborne, Deanna Debow",14347,14347,0,0,14347,14347,0,0,0,0,0,0
"Cochran, Jerome",14304,0,0,0,14304,0,0,0,0,0,0,0
"Ford, Jeff",14201,14201,10101,0,14201,14201,10101,0,0,0,0,0
"Pesterfield Kirkham, Teresa",14006,14006,14006,0,14006,14006,14006,0,0,0,0,0
"Williams, Chad",13955,13955,0,0,13955,13955,0,0,0,0,0,0
"Parker, Anya",13794,13794,560,0,13794,13794,560,0,0,0,0,0
"Crowell, Shaun",13769,0,0,0,13769,0,0,0,0,0,0,0
"Scofield, Ryan",13700,13700,13700,0,13700,13700,13700,0,0,0,0,0
"Orndorff, Chris",13700,0,0,0,13700,0,0,0,0,0,0,0
"Sigler, Christy",13647,13647,0,0,13647,13647,0,0,0,0,0,0
"Allers, Tony",13412,0,0,0,13412,0,0,0,0,0,0,0
"Eskridge, Juliette",13260,13260,250,0,13260,13260,250,0,0,0,0,0
"Sparks, Dean",13238,13238,0,0,13238,13238,0,0,0,0,0,0
"Horne, Johnny",13100,0,0,0,13100,0,0,0,0,0,0,0
"Scott, Terry",13039,13039,0,0,13039,13039,0,0,0,0,0,0
"Test, Test",13000,13000,13000,0,13000,13000,13000,0,0,0,0,0
"Davis, Justin",12906,12906,0,0,12906,12906,0,0,0,0,0,0
"Uhlhorn, Frank",12875,12875,0,0,12875,12875,0,0,0,0,0,0
"Hedrick, Teena",12850,12850,12850,0,12850,12850,12850,0,0,0,0,0
"Hughes, Chris",12700,12700,12700,12700,12700,12700,12700,12700,0,0,0,0
"Clark, Dennis",12363,12363,0,0,12363,12363,0,0,0,0,0,0
"Miller, Bethany",12351,12351,12351,12351,12351,12351,12351,12351,0,0,0,0
"Welch, Garry",12250,12250,0,0,12250,12250,0,0,0,0,0,0
"Gray, Thomas",12246,0,0,0,12246,0,0,0,0,0,0,0
"Windrow, Brett",12185,12185,12185,12185,12185,12185,12185,12185,0,0,0,0
"Kurtz, Adam",12124,12124,12124,12124,12124,12124,12124,12124,0,0,0,0
"Foley, Jennifer",12111,12111,0,0,12111,12111,0,0,0,0,0,0
"Trudell, Kate",12069,12069,0,0,12069,12069,0,0,0,0,0,0
"Cole, Justin (Andy)",12051,11370,0,0,12051,11370,0,0,0,0,0,0
"Lansden, Carl",12050,12050,0,0,12050,12050,0,0,0,0,0,0
"White, Ethan",12038,12038,0,0,12038,12038,0,0,0,0,0,0
"Love,  Arvil",12000,12000,0,0,12000,12000,0,0,0,0,0,0
"Evans, Dustin",11917,11917,0,0,11917,11917,0,0,0,0,0,0
"Price, Scott",11888,0,0,0,11888,0,0,0,0,0,0,0
"Doster, Dennis",11733,11733,0,0,11733,11733,0,0,0,0,0,0
"Hancock, Anthony D.",11609,0,0,0,11609,0,0,0,0,0,0,0
"Gilkey, Kyler",11391,11391,11391,11391,11391,11391,11391,11391,0,0,0,0
"Albright, Conneye  Thompson",11350,0,0,0,11350,0,0,0,0,0,0,0
"Floied, Frankie G.",11325,11325,0,0,11325,11325,0,0,0,0,0,0
"Alexander, Curt",11200,11200,11200,0,11200,11200,11200,0,0,0,0,0
"Kraus, Joshua",11200,11200,0,0,11200,11200,0,0,0,0,0,0
"Gentry, John Anthony",11137,11137,8568,100,11137,11137,8568,100,0,0,0,0
"Gentry, John",11137,11137,8568,100,11137,11137,8568,100,0,0,0,0
"Blalock, Davette",11069,11069,0,0,11069,11069,0,0,0,0,0,0
"Kemp, Donnie",10974,0,0,0,10974,0,0,0,0,0,0,0
"Hullett, Robert",10950,10950,0,0,10950,10950,0,0,0,0,0,0
"Cain, Vicki C.",10925,0,0,0,10925,0,0,0,0,0,0,0
"Brewer, Maria",10875,0,0,0,10875,0,0,0,0,0,0,0
"Pullias, John G.",10850,10850,10850,0,10850,10850,10850,0,0,0,0,0
"McCormick, Robert",10800,10800,10800,0,10800,10800,10800,0,0,0,0,0
"Young, Patti",10775,10775,10775,0,10775,10775,10775,0,0,0,0,0
"Kerney, Neal",10730,10730,0,0,10730,10730,0,0,0,0,0,0
"Ford (2018), Jeff",10575,10575,0,0,10575,10575,0,0,0,0,0,0
"Garvin, Richard",10548,0,0,0,10548,0,0,0,0,0,0,0
"Lejong-McCash, Delynn",10527,10527,0,0,10527,10527,0,0,0,0,0,0
"Bowman, Keaton",10454,10454,10454,0,10454,10454,10454,0,0,0,0,0
"Moore, Kenneth R.",10400,10400,10400,0,10400,10400,10400,0,0,0,0,0
"Priestley, Keith",10359,10359,0,0,10359,10359,0,0,0,0,0,0
"Pruitt, Mary",10350,0,0,0,10350,0,0,0,0,0,0,0
"Dubois, Sue",10330,10330,10330,0,10330,10330,10330,0,0,0,0,0
"Huffer, Matthew",10301,0,0,0,10301,0,0,0,0,0,0,0
"Burchett, Betty M.",10200,10200,0,0,10200,10200,0,0,0,0,0,0
"Lanier, Chris",10170,10170,10170,10170,10170,10170,10170,10170,0,0,0,0
"Williams, Lemon C.",10040,10040,0,0,10040,10040,0,0,0,0,0,0
"Gill, Evelyn",10025,0,0,0,10025,0,0,0,0,0,0,0
"Hayes, Jeremy H. G.",10015,10015,0,0,10015,10015,0,0,0,0,0,0
"Hill, T. Robert",9925,9925,0,0,9925,9925,0,0,0,0,0,0
"Stewart, Sloan Andrew",9924,9924,0,0,9924,9924,0,0,0,0,0,0
"Segrest, Earle",9905,9905,9905,0,9905,9905,9905,0,0,0,0,0
"Lamb, Terica",9900,0,0,0,9900,0,0,0,0,0,0,0
"Morgan, Phil",9880,0,0,0,9880,0,0,0,0,0,0,0
"Mead, Kevin",9674,9674,9674,0,9674,9674,9674,0,0,0,0,0
"Currie, Corey",9600,0,0,0,9600,0,0,0,0,0,0,0
"Harring, Ryan",9536,0,0,0,9536,0,0,0,0,0,0,0
"Chism, George",9520,9520,0,0,9520,9520,0,0,0,0,0,0
"McCarter, Michael A.",9520,9520,0,0,9520,9520,0,0,0,0,0,0
"Coonrod, Demetrus",9312,9312,9312,0,9312,9312,9312,0,0,0,0,0
"Lecompte, Edward",9297,9297,9297,0,9297,9297,9297,0,0,0,0,0
"Simpson, Ali",9250,9250,9250,9250,9250,9250,9250,9250,0,0,0,0
"Brown, Tommie",9200,0,0,0,9200,0,0,0,0,0,0,0
"Ford, Justin",9000,9000,0,0,9000,9000,0,0,0,0,0,0
"Stoltzfus, Ron",8910,0,0,0,8910,0,0,0,0,0,0,0
"Taylor, Amber (Bennie)",8869,8869,8869,0,8869,8869,8869,0,0,0,0,0
"Langan, Bryan",8805,8805,8805,0,8805,8805,8805,0,0,0,0,0
"Robertson, Brian",8773,8773,8773,0,8773,8773,8773,0,0,0,0,0
"Patton, Billy",8651,8651,0,0,8651,8651,0,0,0,0,0,0
"Kirk, Bob",8600,8600,0,0,8600,8600,0,0,0,0,0,0
"Trotman, Les",8550,8550,0,0,8550,8550,0,0,0,0,0,0
"MacKey, Rachel",8550,8550,0,0,8550,8550,0,0,0,0,0,0
"Castleman, Bennie W.",8550,8550,0,0,8550,8550,0,0,0,0,0,0
"Brewer, Brian K.",8517,0,0,0,8517,0,0,0,0,0,0,0
"Duffin, Carol",8461,8461,8461,0,8461,8461,8461,0,0,0,0,0
"Dixon, Rickey",8350,3300,0,0,8350,3300,0,0,0,0,0,0
"Dotson, Bruce",8275,0,0,0,8275,0,0,0,0,0,0,0
"Giannini, Brett",8200,8200,8200,8200,8200,8200,8200,8200,0,0,0,0
"Vaughan, Stacy",8050,8050,8050,0,8050,8050,8050,0,0,0,0,0
"Vaughn, Mary R.",8000,8000,0,0,8000,8000,0,0,0,0,0,0
"Yokley, Jessica B.",7940,7940,0,0,7940,7940,0,0,0,0,0,0
"Younglove-Miner, Sheila",7940,7940,0,0,7940,7940,0,0,0,0,0,0
"Thomas, George",7900,6900,0,0,7900,6900,0,0,0,0,0,0
"Dotson,  Marquis",7852,7852,7852,0,7852,7852,7852,0,0,0,0,0
"Mason, Brian L.",7850,0,0,0,7850,0,0,0,0,0,0,0
"Bricco, Rory",7790,0,0,0,7790,0,0,0,0,0,0,0
"Wilson, Lemichael D.",7780,7780,7780,0,7780,7780,7780,0,0,0,0,0
"Silvertooth, Nancy",7668,7668,0,0,7668,7668,0,0,0,0,0,0
"Brewer, Rhonnie",7650,7650,7650,0,7650,7650,7650,0,0,0,0,0
"Smith, Lori L.",7645,7645,0,0,7645,7645,0,0,0,0,0,0
"Cuevas, Vincent",7566,7566,866,866,7566,7566,866,866,0,0,0,0
"Gertz, Karen",7368,7368,7368,0,7368,7368,7368,0,0,0,0,0
"Miller, Laura",7204,7204,0,0,7204,7204,0,0,0,0,0,0
"McMahan, Sheila",7167,7167,7167,7167,7167,7167,7167,7167,0,0,0,0
"Steele, Russell Wayne",7160,7160,7160,0,7160,7160,7160,0,0,0,0,0
Bennett  Andrew F.,7143,0,0,0,7143,0,0,0,0,0,0,0
"Daniel, Jack",7067,0,0,0,7067,0,0,0,0,0,0,0
"Campbell, William S. (Bill)",6900,0,0,0,6900,0,0,0,0,0,0,0
"Williams, Mike",6850,6850,0,0,6850,6850,0,0,0,0,0,0
"Mercer, Bradley",6850,0,0,0,6850,0,0,0,0,0,0,0
"Powell, Daniel",6725,6725,0,0,6725,6725,0,0,0,0,0,0
"Smith, Richard W.",6700,6700,6700,0,6700,6700,6700,0,0,0,0,0
"Skelton, Mitchell",6653,6653,6653,0,6653,6653,6653,0,0,0,0,0
"Flinn, George S.",6600,0,0,0,6600,0,0,0,0,0,0,0
"Wolf, Houston",6508,6508,6508,0,6508,6508,6508,0,0,0,0,0
"Hart, Dia",6483,6483,6483,0,6483,6483,6483,0,0,0,0,0
"Mayor, Christopher",6450,6450,0,0,6450,6450,0,0,0,0,0,0
"Miller, Justin",6407,6407,0,0,6407,6407,0,0,0,0,0,0
"Cothren, Cade",6400,6400,6400,6400,6400,6400,6400,6400,0,0,0,0
"Brewer, William Brock",6350,0,0,0,6350,0,0,0,0,0,0,0
"Huff, Christopher",6275,6275,6275,0,6275,6275,6275,0,0,0,0,0
"Jones, Troy B.",6200,6200,0,0,6200,6200,0,0,0,0,0,0
"Eaton, Frank",6200,0,0,0,6200,0,0,0,0,0,0,0
"George, Diane",6186,6186,0,0,6186,6186,0,0,0,0,0,0
"Campbell, James G.",6152,6152,0,0,6152,6152,0,0,0,0,0,0
"Fowler, Kesa",6130,6130,6130,0,6130,6130,6130,0,0,0,0,0
"Farless, Israel",6060,6060,3660,0,6060,6060,3660,0,0,0,0,0
"Longstreet, Eileen H.",6006,6006,6006,0,6006,6006,6006,0,0,0,0,0
"Thomforde, David",5987,5987,5987,0,5987,5987,5987,0,0,0,0,0
"Hale, Stephen Lee",5900,0,0,0,5900,0,0,0,0,0,0,0
"Farmer-Tolbert, Barbara",5900,5900,5900,0,5900,5900,5900,0,0,0,0,0
"Corcoran, James",5850,5850,0,0,5850,5850,0,0,0,0,0,0
"Woodberry, Morgan",5849,5849,5849,0,5849,5849,5849,0,0,0,0,0
"Cooper, Thomas",5834,5834,0,0,5834,5834,0,0,0,0,0,0
"Adkins, Wesley",5771,5771,5771,0,5771,5771,5771,0,0,0,0,0
"Price, Randall L.",5770,5770,0,0,5770,5770,0,0,0,0,0,0
"Grabowski, Anna",5737,5737,5737,0,5737,5737,5737,0,0,0,0,0
"Dunn, Alex",5710,5710,0,0,5710,5710,0,0,0,0,0,0
"Bernstein, Bill",5658,3708,0,0,5658,3708,0,0,0,0,0,0
"Thompson, Sara",5625,5625,5625,0,5625,5625,5625,0,0,0,0,0
"Arp, Doyle",5515,5515,0,0,5515,5515,0,0,0,0,0,0
"Cervantes, Steven",5500,5500,5500,0,5500,5500,5500,0,0,0,0,0
"Gaugh, Glen",5450,5450,0,0,5450,5450,0,0,0,0,0,0
"Pierce, William G. 'Bo'",5350,0,0,0,5350,0,0,0,0,0,0,0
"Arganbright, Deane",5325,5325,0,0,5325,5325,0,0,0,0,0,0
"Manuel, Bruce",5316,5316,5316,0,5316,5316,5316,0,0,0,0,0
"Puttbrese, Brandon J.",5300,0,0,0,5300,0,0,0,0,0,0,0
"Binkley, Gary Allen",5300,0,0,0,5300,0,0,0,0,0,0,0
"Martinez, Coleen",5290,5290,0,0,5290,5290,0,0,0,0,0,0
"Potvin, Dennis",5253,5253,0,0,5253,5253,0,0,0,0,0,0
"Wood,  John Paul",5250,0,0,0,5250,0,0,0,0,0,0,0
"Matheson, Flo",5250,0,0,0,5250,0,0,0,0,0,0,0
"Hartley, Brad",5065,5065,0,0,5065,5065,0,0,0,0,0,0
"Acuff, James",4950,4950,0,0,4950,4950,0,0,0,0,0,0
"McKamey, William H. (John)",4939,0,0,0,4939,0,0,0,0,0,0,0
"Hahn, Jan",4920,4920,4920,0,4920,4920,4920,0,0,0,0,0
"Sloan, Jon Roy",4840,0,0,0,4840,0,0,0,0,0,0,0
"Greer, John",4800,4800,4800,4800,4800,4800,4800,4800,0,0,0,0
"Sottek, Tom",4800,4800,0,0,4800,4800,0,0,0,0,0,0
"Fleming, Jason",4750,4750,4750,4750,4750,4750,4750,4750,0,0,0,0
"Pant, Amelia",4747,4747,4747,0,4747,4747,4747,0,0,0,0,0
"Harris, Toniko S.",4738,4738,4738,0,4738,4738,4738,0,0,0,0,0
"Barnett, Judy",4713,1818,0,0,4713,1818,0,0,0,0,0,0
"Lowery, Jerry",4711,4711,0,0,4711,4711,0,0,0,0,0,0
"Burks, Charlotte",4700,0,0,0,4700,0,0,0,0,0,0,0
"Washburn, Jeffery T.",4700,4700,0,0,4700,4700,0,0,0,0,0,0
"Bolton, William",4691,4691,4691,4691,4691,4691,4691,4691,0,0,0,0
"Harris, R. Price",4650,4650,0,0,4650,4650,0,0,0,0,0,0
"Dockery, Michael",4525,0,0,0,4525,0,0,0,0,0,0,0
"Davis, Marty",4500,4500,0,0,4500,4500,0,0,0,0,0,0
"Cotton, Barry",4500,4500,0,0,4500,4500,0,0,0,0,0,0
"Wright, Justin",4500,4500,0,0,4500,4500,0,0,0,0,0,0
"Thomas, Jacqueline Anderson",4500,4500,0,0,4500,4500,0,0,0,0,0,0
"Hobbs, Timothy Tucker",4453,4453,0,0,4453,4453,0,0,0,0,0,0
"Brabson, Vanderbilt",4433,0,0,0,4433,0,0,0,0,0,0,0
"Cutting, David L.",4350,4350,0,0,4350,4350,0,0,0,0,0,0
"Berke, Andrew",4312,0,0,0,4312,0,0,0,0,0,0,0
"Ellison, Robin",4301,4301,4301,0,4301,4301,4301,0,0,0,0,0
"Griffy, Kent",4300,4300,4300,0,4300,4300,4300,0,0,0,0,0
"Holladay, Aaron",4298,3558,0,0,4298,3558,0,0,0,0,0,0
"Chase, Andrea",4270,4270,4270,0,4270,4270,4270,0,0,0,0,0
"Mullins, Terry",4250,0,0,0,4250,0,0,0,0,0,0,0
"Brown, Sam",4200,4200,0,0,4200,4200,0,0,0,0,0,0
"Womack Uselton, Cheryl",4200,4200,4200,0,4200,4200,4200,0,0,0,0,0
"Tinsley, Luke",4200,4200,0,0,4200,4200,0,0,0,0,0,0
"Powers, Amos Scott",4200,4200,0,0,4200,4200,0,0,0,0,0,0
"Miller, Tonya S.",4176,0,0,0,4176,0,0,0,0,0,0,0
"Brooks, Ernest T.",4150,4150,0,0,4150,4150,0,0,0,0,0,0
"Carroll, Austin",4150,4150,0,0,4150,4150,0,0,0,0,0,0
"Dickerson, Luke E.",4143,0,0,0,4143,0,0,0,0,0,0,0
"Stockton, Clifford",4103,4103,0,0,4103,4103,0,0,0,0,0,0
"Robinson, Robert (Bob)",4100,4100,0,0,4100,4100,0,0,0,0,0,0
"Eby, Jeff",4100,4100,4100,0,4100,4100,4100,0,0,0,0,0
"Warfel, Brittany Lynn",4094,4094,4094,0,4094,4094,4094,0,0,0,0,0
"Taft, Larry C.",4048,0,0,0,4048,0,0,0,0,0,0,0
"Streetman, Ezekiel (Zeke)",4033,4033,4033,0,4033,4033,4033,0,0,0,0,0
"Smotherman, Eddie",4000,0,0,0,4000,0,0,0,0,0,0,0
"Baxter, James A.",4000,4000,0,0,4000,4000,0,0,0,0,0,0
"Crone, Joseph",3950,3950,0,0,3950,3950,0,0,0,0,0,0
"Sawall, Nicholas",3932,3932,3932,0,3932,3932,3932,0,0,0,0,0
"Fowler, Jenny",3926,3926,3926,3926,3926,3926,3926,3926,0,0,0,0
"Dunn, Eric",3835,3835,3835,0,3835,3835,3835,0,0,0,0,0
"Palmedo,  Richard Paul",3817,3817,0,0,3817,3817,0,0,0,0,0,0
"Helton, Richard",3762,3762,0,0,3762,3762,0,0,0,0,0,0
"Svadba, Keith",3750,0,0,0,3750,0,0,0,0,0,0,0
"Monroe, Tona",3710,0,0,0,3710,0,0,0,0,0,0,0
"Lane, Steve",3700,3700,0,0,3700,3700,0,0,0,0,0,0
"Williams, Lynnette P.",3700,3700,0,0,3700,3700,0,0,0,0,0,0
"Carver, Lauren",3651,3651,3651,0,3651,3651,3651,0,0,0,0,0
"Remus, Hendrell",3600,0,0,0,3600,0,0,0,0,0,0,0
"Warner, Mike",3600,1600,0,0,3600,1600,0,0,0,0,0,0
"Wall, Peggy Hall",3600,0,0,0,3600,0,0,0,0,0,0,0
"Bynum, Dennis",3594,3594,0,0,3594,3594,0,0,0,0,0,0
"Morrell, Karen Greene",3557,0,0,0,3557,0,0,0,0,0,0,0
"Tipton, Anita",3550,0,0,0,3550,0,0,0,0,0,0,0
"Tomasik, James L.",3508,3058,0,0,3508,3058,0,0,0,0,0,0
"Smith, Michael E.",3500,3500,0,0,3500,3500,0,0,0,0,0,0
"McNew, Jack W.",3482,0,0,0,3482,0,0,0,0,0,0,0
"Rice, Hobart L.",3475,0,0,0,3475,0,0,0,0,0,0,0
"Coy, Tim",3468,3468,3468,0,3468,3468,3468,0,0,0,0,0
"Simmons, Barbara",3439,3439,0,0,3439,3439,0,0,0,0,0,0
"McRoy, Eric",3400,0,0,0,3400,0,0,0,0,0,0,0
"Williams, Mike R.",3350,0,0,0,3350,0,0,0,0,0,0,0
"Bennington, L. Brock",3350,0,0,0,3350,0,0,0,0,0,0,0
"Spurlock, Justin",3300,3300,3300,0,3300,3300,3300,0,0,0,0,0
"Dykes,  Roland A.",3300,200,0,0,3300,200,0,0,0,0,0,0
"Williams, Larhonda",3282,3282,3282,0,3282,3282,3282,0,0,0,0,0
"New, Robert 'Bob'",3264,0,0,0,3264,0,0,0,0,0,0,0
"Sizemore, Patrick",3151,3151,0,0,3151,3151,0,0,0,0,0,0
"Dressel, Nathan",3150,3150,3150,0,3150,3150,3150,0,0,0,0,0
"Edwards, Sharon Kay",3150,3150,0,0,3150,3150,0,0,0,0,0,0
"Lawrence, Jean-Marie",3100,3100,0,0,3100,3100,0,0,0,0,0,0
"Cambron, David",3075,3075,0,0,3075,3075,0,0,0,0,0,0
"Wagner, Rex",3000,3000,3000,0,3000,3000,3000,0,0,0,0,0
"Brady, Sterlina Inez",2999,0,0,0,2999,0,0,0,0,0,0,0
"James, Krystle",2960,2960,2960,0,2960,2960,2960,0,0,0,0,0
"Harper, David R.",2925,0,0,0,2925,0,0,0,0,0,0,0
"Brown, Cheryl (Cheri)",2914,2914,2914,0,2914,2914,2914,0,0,0,0,0
"White, Kay",2904,2904,0,0,2904,2904,0,0,0,0,0,0
"Keeling, Kari",2880,2880,0,0,2880,2880,0,0,0,0,0,0
"Miller, David",2825,2825,2825,2825,2825,2825,2825,2825,0,0,0,0
"Waggoner, Derrick",2760,0,0,0,2760,0,0,0,0,0,0,0
"Atwater, Carnita",2725,2725,2725,0,2725,2725,2725,0,0,0,0,0
"Faulk, Mike",2710,0,0,0,2710,0,0,0,0,0,0,0
"Pierce, Alex",2704,2704,2704,0,2704,2704,2704,0,0,0,0,0
"Webb, Vanedda Prince",2700,2700,0,0,2700,2700,0,0,0,0,0,0
"Braddock, Leslie",2689,2689,2689,0,2689,2689,2689,0,0,0,0,0
"Farrell, Joan",2685,2685,0,0,2685,2685,0,0,0,0,0,0
"Farnor, Nathan",2662,2662,0,0,2662,2662,0,0,0,0,0,0
"McCulley,  Joseph T.",2650,0,0,0,2650,0,0,0,0,0,0,0
"Williamson, Savannah",2627,2627,0,0,2627,2627,0,0,0,0,0,0
"Blount, Rod",2600,2600,2600,0,2600,2600,2600,0,0,0,0,0
"Zachary, Joey",2600,2600,0,0,2600,2600,0,0,0,0,0,0
"Hawthorne, Daniel T.",2528,2528,2528,0,2528,2528,2528,0,0,0,0,0
"Udeaja, Joseph",2525,2525,0,0,2525,2525,0,0,0,0,0,0
"Coleman, Eric R.",2507,2507,0,0,2507,2507,0,0,0,0,0,0
"Wamp, Zach",2500,0,0,0,2500,0,0,0,0,0,0,0
"Testerman, David",2500,0,0,0,2500,0,0,0,0,0,0,0
"Luttrell, Jason",2486,2486,2486,0,2486,2486,2486,0,0,0,0,0
"Moore, Kermit",2419,0,0,0,2419,0,0,0,0,0,0,0
"Wooten-Lewis, Joann",2405,2405,0,0,2405,2405,0,0,0,0,0,0
"Price, Brandi",2400,2400,0,0,2400,2400,0,0,0,0,0,0
"Deck, Robyn",2340,2340,0,0,2340,2340,0,0,0,0,0,0
"Aljabbary, Mwafaq",2300,0,0,0,2300,0,0,0,0,0,0,0
"Henry, Douglas",2300,0,0,0,2300,0,0,0,0,0,0,0
"Miller, Jerome Q.",2280,0,0,0,2280,0,0,0,0,0,0,0
"Neergaard, Misty",2273,0,0,0,2273,0,0,0,0,0,0,0
"Gilman, Greg",2270,2270,2270,0,2270,2270,2270,0,0,0,0,0
"Magouirk, Tammy",2250,2250,0,0,2250,2250,0,0,0,0,0,0
"Dominy, Duane",2250,0,0,0,2250,0,0,0,0,0,0,0
"Fodness, Gregory",2247,2247,0,0,2247,2247,0,0,0,0,0,0
"Michel, Diane",2205,2205,0,0,2205,2205,0,0,0,0,0,0
"Belote, David",2200,0,0,0,2200,0,0,0,0,0,0,0
"Acuff, Robert (Bob)",2200,2200,0,0,2200,2200,0,0,0,0,0,0
"Breeding, Shelley S.",2200,0,0,0,2200,0,0,0,0,0,0,0
"Cassady, Calvin",2200,0,0,0,2200,0,0,0,0,0,0,0
"Edwards, Lewis Johnny",2200,0,0,0,2200,0,0,0,0,0,0,0
"Stidham, Gary",2175,2175,2175,2175,2175,2175,2175,2175,0,0,0,0
"Maples, Wesley",2150,2150,0,0,2150,2150,0,0,0,0,0,0
"Levine, William",2150,2150,2150,0,2150,2150,2150,0,0,0,0,0
"Horner, Gail Williams",2132,2132,0,0,2132,2132,0,0,0,0,0,0
"Redden, Angela",2100,2100,2100,0,2100,2100,2100,0,0,0,0,0
"Eggers, Sr., Carl R.",2100,2100,0,0,2100,2100,0,0,0,0,0,0
"Shelton, Donel",2100,2100,2100,0,2100,2100,2100,0,0,0,0,0
"Talley, Damien",2064,2064,0,0,2064,2064,0,0,0,0,0,0
"Manor, Jameson Lee",2045,2045,2045,0,2045,2045,2045,0,0,0,0,0
"Smith, E. R.",2018,2018,2018,0,2018,2018,2018,0,0,0,0,0
"Haines, John L.",2000,0,0,0,2000,0,0,0,0,0,0,0
"Riddle, Amber",2000,2000,0,0,2000,2000,0,0,0,0,0,0
"Swafford, Andrew",2000,2000,2000,2000,2000,2000,2000,2000,0,0,0,0
"Peach, Bill",2000,800,0,0,2000,800,0,0,0,0,0,0
"Lingerfelt, Tim",2000,2000,0,0,2000,2000,0,0,0,0,0,0
"Powell, Jesse",2000,2000,2000,2000,2000,2000,2000,2000,0,0,0,0
"Pivnick, Lawrence",2000,2000,0,0,2000,2000,0,0,0,0,0,0
"Waldrop, Roy Donald",1917,1917,0,0,1917,1917,0,0,0,0,0,0
"Walker, Dan",1886,1886,0,0,1886,1886,0,0,0,0,0,0
"Lewis, Daniel T.",1875,0,0,0,1875,0,0,0,0,0,0,0
"Knight, Jason D.",1871,1871,0,0,1871,1871,0,0,0,0,0,0
"Jeff, Jesse",1856,1856,0,0,1856,1856,0,0,0,0,0,0
"Mowdy, Monica",1851,1851,1851,1851,1851,1851,1851,1851,0,0,0,0
"Pickle, Mac",1800,1800,1800,0,1800,1800,1800,0,0,0,0,0
"Kabir, Ovi",1784,1784,0,0,1784,1784,0,0,0,0,0,0
"Brooks, Amberlee",1765,1765,0,0,1765,1765,0,0,0,0,0,0
"Stevens, Brian Joseph",1757,0,0,0,1757,0,0,0,0,0,0,0
"Forbes, Joshua",1754,0,0,0,1754,0,0,0,0,0,0,0
"McDow, Ron",1750,1750,0,0,1750,1750,0,0,0,0,0,0
"Clark, Doyle",1727,1727,0,0,1727,1727,0,0,0,0,0,0
"Martin, Robert",1708,0,0,0,1708,0,0,0,0,0,0,0
"Gore, Kristopher",1700,0,0,0,1700,0,0,0,0,0,0,0
"Steakley, William Gary",1700,0,0,0,1700,0,0,0,0,0,0,0
"Ray, Gary Lynn",1700,0,0,0,1700,0,0,0,0,0,0,0
"Fortner, Scott",1688,1688,0,0,1688,1688,0,0,0,0,0,0
"Birdsong, David R.",1685,1685,0,0,1685,1685,0,0,0,0,0,0
"Bledsoe, Sam",1600,1600,0,0,1600,1600,0,0,0,0,0,0
"Cook, Mandy",1600,1600,1600,1600,1600,1600,1600,1600,0,0,0,0
"Cooper, Tanya L.",1600,1600,1600,0,1600,1600,1600,0,0,0,0,0
"Lawrence, Kevin",1600,0,0,0,1600,0,0,0,0,0,0,0
"Johnston, Louie",1600,0,0,0,1600,0,0,0,0,0,0,0
"McClellan, Rod",1580,0,0,0,1580,0,0,0,0,0,0,0
"Woodson, Jamie",1575,1575,1575,1575,1575,1575,1575,1575,0,0,0,0
"Vaudt, Betty",1567,0,0,0,1567,0,0,0,0,0,0,0
"Farmer, Aniya",1525,1525,1525,1525,1525,1525,1525,1525,0,0,0,0
"McElravey, Tina",1500,1500,0,0,1500,1500,0,0,0,0,0,0
"Miller, Lawrence G.",1500,0,0,0,1500,0,0,0,0,0,0,0
"Mikels, Steve",1500,1500,1500,0,1500,1500,1500,0,0,0,0,0
"Moore, Gary",1500,0,0,0,1500,0,0,0,0,0,0,0
"Gallman, Rhonda",1500,1500,0,0,1500,1500,0,0,0,0,0,0
"Herron, Roy",1500,0,0,0,1500,0,0,0,0,0,0,0
"McNeill, Shane K.",1500,0,0,0,1500,0,0,0,0,0,0,0
"Hernandez, Pime",1450,1450,1450,0,1450,1450,1450,0,0,0,0,0
"Woodlee, Michael",1430,1430,1430,1430,1430,1430,1430,1430,0,0,0,0
"Harrell, James",1400,0,0,0,1400,0,0,0,0,0,0,0
"Hurder, Stan",1400,1400,1400,0,1400,1400,1400,0,0,0,0,0
"Lapides, Bennett H.",1400,1400,0,0,1400,1400,0,0,0,0,0,0
"Moore, Garry",1395,1395,0,0,1395,1395,0,0,0,0,0,0
"Baker, John C.",1380,1380,0,0,1380,1380,0,0,0,0,0,0
"Parr, Don",1375,0,0,0,1375,0,0,0,0,0,0,0
"Campbell, Seth James",1374,1374,0,0,1374,1374,0,0,0,0,0,0
"Weise, Brandon",1350,1350,0,0,1350,1350,0,0,0,0,0,0
"Kelly, Curtis",1300,1300,1300,0,1300,1300,1300,0,0,0,0,0
"Webb, Elizabeth",1298,1298,1298,0,1298,1298,1298,0,0,0,0,0
"Preptit, Jeff",1290,1290,1290,0,1290,1290,1290,0,0,0,0,0
"Howard, Dewayne",1250,1250,1250,1250,1250,1250,1250,1250,0,0,0,0
"Fitzgerald,  Vincyl",1227,1227,0,0,1227,1227,0,0,0,0,0,0
"Ransom, Mark Rodanial Ray",1200,1200,0,0,1200,1200,0,0,0,0,0,0
"Bankston, Ann",1200,0,0,0,1200,0,0,0,0,0,0,0
"Stout, Joseph (Joe) Winchester",1200,1200,1200,0,1200,1200,1200,0,0,0,0,0
"Smith, Sandy Norris",1125,0,0,0,1125,0,0,0,0,0,0,0
"Winston, David",1104,1104,1104,0,1104,1104,1104,0,0,0,0,0
"Harris, Daniel M.",1100,1100,0,0,1100,1100,0,0,0,0,0,0
"Wells, Kenneth L.",1100,0,0,0,1100,0,0,0,0,0,0,0
"Oppenhuizen, Christina",1100,1100,1100,0,1100,1100,1100,0,0,0,0,0
"Baxter, Mary Rene",1000,0,0,0,1000,0,0,0,0,0,0,0
"Bavendam, Tamara",1000,1000,1000,1000,1000,1000,1000,1000,0,0,0,0
"Varner, Nathaniel",1000,1000,0,0,1000,1000,0,0,0,0,0,0
"Enfield, J. R.",1000,0,0,0,1000,0,0,0,0,0,0,0
"Caskey, Grady E.",1000,0,0,0,1000,0,0,0,0,0,0,0
"Petit, Samantha",1000,1000,1000,1000,1000,1000,1000,1000,0,0,0,0
"Newman, Andrew",1000,1000,0,0,1000,1000,0,0,0,0,0,0
"Vicks, Robert",953,953,953,953,953,953,953,953,0,0,0,0
"Overall, Park",950,950,0,0,950,950,0,0,0,0,0,0
"Randolph, Matt",947,173,0,0,947,173,0,0,0,0,0,0
"Stewart, Tre",900,900,0,0,900,900,0,0,0,0,0,0
"Jefferson, Thomas",830,830,830,0,830,830,830,0,0,0,0,0
"Thomas, Jayla",821,821,821,821,821,821,821,821,0,0,0,0
"Stein, Mike",800,800,800,800,800,800,800,800,0,0,0,0
"Lewis, Clifford",800,800,800,0,800,800,800,0,0,0,0,0
"Houk, Zachary",793,793,0,0,793,793,0,0,0,0,0,0
"Puckett,  Steven D.",790,0,0,0,790,0,0,0,0,0,0,0
"Moore, Sandra V.",750,750,0,0,750,750,0,0,0,0,0,0
"Matheny, Dana",750,750,0,0,750,750,0,0,0,0,0,0
"York, Tim",750,0,0,0,750,0,0,0,0,0,0,0
"Childs, Randy E.",750,750,750,0,750,750,750,0,0,0,0,0
"Smith, Terrence A.",750,750,0,0,750,750,0,0,0,0,0,0
"Anderson, Rebecca",700,700,700,0,700,700,700,0,0,0,0,0
"Norman, Joey",700,700,0,0,700,700,0,0,0,0,0,0
"Woodruff, Brandon",690,690,0,0,690,690,0,0,0,0,0,0
"Degan, Woody",675,0,0,0,675,0,0,0,0,0,0,0
"Young, Patti Larimer",651,651,0,0,651,651,0,0,0,0,0,0
"Meeks, Monica",650,650,650,0,650,650,650,0,0,0,0,0
"Pickert, Mallory",600,600,0,0,600,600,0,0,0,0,0,0
"Loynachan, Curtis D.",550,550,0,0,550,550,0,0,0,0,0,0
"Page, David",500,500,500,0,500,500,500,0,0,0,0,0
"Spann, Holly",500,500,0,0,500,500,0,0,0,0,0,0
"Agostini, Keifel",500,500,0,0,500,500,0,0,0,0,0,0
"Hardy, David",500,500,500,500,500,500,500,500,0,0,0,0
"Gladden, Jonathan",500,0,0,0,500,0,0,0,0,0,0,0
"Sivley, Dallas",500,500,0,0,500,500,0,0,0,0,0,0
"Dunn, Lloyd G.",500,500,0,0,500,500,0,0,0,0,0,0
"Warrington, Christine",500,500,0,0,500,500,0,0,0,0,0,0
"Stewart, Eric",500,0,0,0,500,0,0,0,0,0,0,0
"Vetter, Michele",500,500,500,500,500,500,500,500,0,0,0,0
"Barber, Harry",460,0,0,0,460,0,0,0,0,0,0,0
"Gregory, Joshua",450,450,0,0,450,450,0,0,0,0,0,0
"Randolph, Ian L.",450,0,0,0,450,0,0,0,0,0,0,0
"Cagle, William Mark",450,450,0,0,450,450,0,0,0,0,0,0
"Gross, Justin",446,446,446,0,446,446,446,0,0,0,0,0
"Price, Brandon",410,410,410,0,410,410,410,0,0,0,0,0
"Drew, Charles E. (Pete)",400,400,0,0,400,400,0,0,0,0,0,0
"Callaway, Christina",350,350,0,0,350,350,0,0,0,0,0,0
"George, Ronny",300,300,300,0,300,300,300,0,0,0,0,0
"McKee, Randal L.",300,0,0,0,300,0,0,0,0,0,0,0
"Collins, Herman",250,250,0,0,250,250,0,0,0,0,0,0
"Sontany, Janis Baird",250,0,0,0,250,0,0,0,0,0,0,0
"Johnston, Jeff",250,250,250,0,250,250,250,0,0,0,0,0
"Forster-Benson, Nick",250,250,250,0,250,250,250,0,0,0,0,0
"Wilcher, Michael Shane",250,250,0,0,250,250,0,0,0,0,0,0
"Hughes, Angela M.",242,242,242,0,242,242,242,0,0,0,0,0
"Demetreon, Alice",200,200,0,0,200,200,0,0,0,0,0,0
"Farnsworth, Owen",200,200,200,200,200,200,200,200,0,0,0,0
"Carl, Richard",200,200,0,0,200,200,0,0,0,0,0,0
"Cox, Cody",200,200,200,200,200,200,200,200,0,0,0,0
"Walsh, Mike",200,0,0,0,200,0,0,0,0,0,0,0
"French, Ryan",200,200,0,0,200,200,0,0,0,0,0,0
"Franklin, Todd Mitchell",200,0,0,0,200,0,0,0,0,0,0,0
"Maxwell, Stephen Cortney",193,193,193,185,193,193,193,185,0,0,0,0
"Maxwell, Stephen",193,193,193,185,193,193,193,185,0,0,0,0
"Cooper, Charles (Charlie)",150,150,150,0,150,150,150,0,0,0,0,0
"Staten, Travis S.",150,150,0,0,150,150,0,0,0,0,0,0
"Monroe, Travis",119,0,0,0,119,0,0,0,0,0,0,0
"Watkins, Samuel A. Arthur",100,0,0,0,100,0,0,0,0,0,0,0
"Bottoms, Jeff",25,0,0,0,25,0,0,0,0,0,0,0
"Brown, Christian",6,6,6,0,6,6,6,0,0,0,0,0
