entity_name,website,lob_total_15yr,lob_total_10yr,lob_total_5yr,lob_total_2025,has_lobbying,donor_type,cf_politician_reference,cf_total_15yr,cf_total_10yr,cf_total_5yr,cf_total_2025,has_cf,ie_politician_reference,ie_total_15yr,ie_total_10yr,ie_total_5yr,ie_total_2025,has_ie,grand_total_15yr,grand_total_10yr,grand_total_5yr,grand_total_2025,qualifies_15yr,qualifies_10yr,qualifies_5yr,qualifies_2025
Tennessee Hospital Association,,7877500.0,5887500.0,2620000.0,635000.0,True,Company,0,1931965.0,1497215.0,872795.0,241800.0,True,0.0,0.0,0.0,0.0,0.0,False,9809465.0,7384715.0,3492795.0,876800.0,True,True,True,True
Tennessee Health Care Association,,7177500.0,5212500.0,2712500.0,422500.0,True,Company,0,1812650.0,1288400.0,706500.0,188000.0,True,0.0,0.0,0.0,0.0,0.0,False,8990150.0,6500900.0,3419000.0,610500.0,True,True,True,True
Advance Financial,,4940000.0,3850000.0,1900000.0,360000.0,True,Company,0,3260299.0,2833249.0,1428649.0,656000.0,True,0.0,0.0,0.0,0.0,0.0,False,8200299.0,6683249.0,3328649.0,1016000.0,True,True,True,True
Tennessee Association Of Realtors,,1832500.0,1752500.0,692500.0,160000.0,True,Company,0,4466150.0,3800250.0,1882750.0,283500.0,True,0.0,1860651.99,1394264.85,506442.59,0.0,True,8159301.99,6947014.85,3081692.59,443500.0,True,True,True,True
Tennessee Road Builders Association,,5550000.0,3750000.0,1525000.0,262500.0,True,Company,0,2531046.0,2164800.0,1117500.0,336500.0,True,0.0,0.0,0.0,0.0,0.0,False,8081046.0,5914800.0,2642500.0,599000.0,True,True,True,True
At&T,,5802500.0,3562500.0,1350000.0,210000.0,True,Company,0,1873350.0,1134350.0,450250.0,65000.0,True,0.0,0.0,0.0,0.0,0.0,False,7675850.0,4696850.0,1800250.0,275000.0,True,True,True,True
Tennessee Automotive Association,,6340000.0,4875000.0,2650000.0,510000.0,True,Company,0,1305084.0,974234.0,485009.0,126000.0,True,0.0,0.0,0.0,0.0,0.0,False,7645084.0,5849234.0,3135009.0,636000.0,True,True,True,True
Tennessee Federation For Children,,3967500.0,2870000.0,1755000.0,450000.0,True,Company,0,565427.0,180598.0,51750.0,9000.0,True,0.0,2897174.7,2240662.59,963792.04,0.0,True,7430101.7,5291260.59,2770542.04,459000.0,True,True,True,True
Wine And Spirit Wholesalers Of Tennessee,,3997500.0,3410000.0,1830000.0,510000.0,True,Company,0,3313375.0,2881750.0,1571600.0,313500.0,True,0.0,0.0,0.0,0.0,0.0,False,7310875.0,6291750.0,3401600.0,823500.0,True,True,True,True
Tennessee Medical Association,,5000000.0,4512500.0,2962500.0,610000.0,True,Company,0,2011351.0,1367550.0,587000.0,500.0,True,0.0,39966.17,19004.13,0.0,0.0,True,7051317.17,5899054.13,3549500.0,610500.0,True,True,True,True
Hca Healthcare,,4540000.0,3900000.0,2100000.0,710000.0,True,Company,0,2487700.0,2215550.0,1702500.0,500900.0,True,0.0,0.0,0.0,0.0,0.0,False,7027700.0,6115550.0,3802500.0,1210900.0,True,True,True,True
Tennessee Education Association,,3905000.0,3265000.0,1565000.0,362500.0,True,Company,0,2307950.0,1468090.0,633800.0,28000.0,True,0.0,241088.19,239876.95,48010.35,0.0,True,6454038.19,4972966.95,2246810.35,390500.0,True,True,True,True
Tennesseecan,,3367500.0,2432500.0,1445000.0,412500.0,True,Company,0,1260190.0,559250.0,109300.0,0.0,True,0.0,1386157.28,855273.17,445711.82,0.0,True,6013847.28,3847023.17,2000011.82,412500.0,True,True,True,True
National Healthcare Corp.,,4547500.0,3237500.0,1312500.0,260000.0,True,Company,0,734250.0,379000.0,94500.0,0.0,True,0.0,0.0,0.0,0.0,0.0,False,5281750.0,3616500.0,1407000.0,260000.0,True,True,True,True
Tennessee Electric Cooperative Association,,3935000.0,2900000.0,1450000.0,260000.0,True,Company,0,1289832.0,933582.0,419582.0,65500.0,True,0.0,0.0,0.0,0.0,0.0,False,5224832.0,3833582.0,1869582.0,325500.0,True,True,True,True
Tennessee Fuel & Convenience Store Association,,4627500.0,3097500.0,1625000.0,320000.0,True,Company,0,533500.0,355600.0,176000.0,66000.0,True,0.0,0.0,0.0,0.0,0.0,False,5161000.0,3453100.0,1801000.0,386000.0,True,True,True,True
Ballad Health,,4522500.0,3550000.0,2095000.0,492500.0,True,Company,0,275150.0,247650.0,207500.0,86250.0,True,0.0,10737.87,10737.87,0.0,0.0,True,4808387.87,3808387.87,2302500.0,578750.0,True,True,True,True
Tennessee Trial Lawyers Association,,3377500.0,2012500.0,1162500.0,272500.0,True,Company,0,1224000.0,867150.0,430900.0,49500.0,True,0.0,0.0,0.0,0.0,0.0,False,4601500.0,2879650.0,1593400.0,322000.0,True,True,True,True
Tennessee Chamber Of Commerce & Industry,,3415000.0,2150000.0,787500.0,372500.0,True,Company,0,874971.0,730221.0,476141.0,124500.0,True,0.0,4625.6,4625.6,4625.6,0.0,True,4294596.6,2884846.6,1268266.6,497000.0,True,True,True,True
Tennessee Municipal League,,4290000.0,3150000.0,1537500.0,360000.0,True,,0,0.0,0.0,0.0,0.0,False,0.0,0.0,0.0,0.0,0.0,False,4290000.0,3150000.0,1537500.0,360000.0,True,True,True,True
Community Choice Financial,https://checkintocash.com/check-into-cash-30th-anniversary/,3000000.0,1795000.0,1137500.0,310000.0,True,Company,0,1272575.0,661250.0,86500.0,0.0,True,0.0,0.0,0.0,0.0,0.0,False,4272575.0,2456250.0,1224000.0,310000.0,True,True,True,True
Corecivic,,2740000.0,2100000.0,1250000.0,260000.0,True,Company,0,1391500.0,1103500.0,634200.0,216200.0,True,0.0,0.0,0.0,0.0,0.0,False,4131500.0,3203500.0,1884200.0,476200.0,True,True,True,True
Eastman Chemical Company,,3652500.0,2612500.0,1312500.0,260000.0,True,Company,0,414850.0,203300.0,54700.0,0.0,True,0.0,0.0,0.0,0.0,0.0,False,4067350.0,2815800.0,1367200.0,260000.0,True,True,True,True
Tennessee Bar Association,,3977500.0,2857500.0,1162500.0,260000.0,True,,0,0.0,0.0,0.0,0.0,False,0.0,0.0,0.0,0.0,0.0,False,3977500.0,2857500.0,1162500.0,260000.0,True,True,True,True
Tennessee Broadband Association - Telecommunications Association,,2887500.0,2400000.0,1600000.0,360000.0,True,Company,0,1000800.0,817950.0,447800.0,141600.0,True,0.0,0.0,0.0,0.0,0.0,False,3888300.0,3217950.0,2047800.0,501600.0,True,True,True,True
Vanderbilt University,,3845000.0,2915000.0,1350000.0,310000.0,True,,0,0.0,0.0,0.0,0.0,False,0.0,0.0,0.0,0.0,0.0,False,3845000.0,2915000.0,1350000.0,310000.0,True,True,True,True
Tennessee Bankers Association,,620000.0,490000.0,327500.0,52500.0,True,Company,0,3194050.0,2429200.0,1388550.0,332500.0,True,0.0,0.0,0.0,0.0,0.0,False,3814050.0,2919200.0,1716050.0,385000.0,True,True,True,True
Amazon,,2240000.0,1675000.0,1100000.0,210000.0,True,Company,0,1545950.0,1545950.0,1051150.0,234000.0,True,0.0,0.0,0.0,0.0,0.0,False,3785950.0,3220950.0,2151150.0,444000.0,True,True,True,True
Methodist Le Bonheur Healthcare,,3735000.0,2582500.0,1000000.0,260000.0,True,,0,0.0,0.0,0.0,0.0,False,0.0,0.0,0.0,0.0,0.0,False,3735000.0,2582500.0,1000000.0,260000.0,True,True,True,True
Club For Growth - School Freedom Fund,,0.0,0.0,0.0,0.0,False,,0,0.0,0.0,0.0,0.0,False,0.0,3636145.15,3636145.15,3636145.15,0.0,True,3636145.15,3636145.15,3636145.15,0.0,True,True,True,False
Public Entity Partners,,3602500.0,2812500.0,1212500.0,260000.0,True,,0,0.0,0.0,0.0,0.0,False,0.0,0.0,0.0,0.0,0.0,False,3602500.0,2812500.0,1212500.0,260000.0,True,True,True,True
Home Builders Association Of Tennessee,,2722500.0,1782500.0,632500.0,85000.0,True,Company,0,855175.0,779325.0,501125.0,84500.0,True,0.0,0.0,0.0,0.0,0.0,False,3577675.0,2561825.0,1133625.0,169500.0,True,True,True,True
Jack Daniel'S/Brown-Forman,,2040000.0,1650000.0,850000.0,210000.0,True,Company,0,1465050.0,1057350.0,505250.0,106000.0,True,0.0,0.0,0.0,0.0,0.0,False,3505050.0,2707350.0,1355250.0,316000.0,True,True,True,True
Bluecross Blueshield Of Tennessee,,1767500.0,687500.0,262500.0,52500.0,True,Company,0,1734950.0,1477150.0,797200.0,208000.0,True,0.0,0.0,0.0,0.0,0.0,False,3502450.0,2164650.0,1059700.0,260500.0,True,True,True,True
Comcast,,2240000.0,1600000.0,650000.0,0.0,True,Company,0,1167280.0,826551.0,367050.0,65800.0,True,0.0,0.0,0.0,0.0,0.0,False,3407280.0,2426551.0,1017050.0,65800.0,True,True,True,True
Tennessee State Employees Association,,1972500.0,1607500.0,800000.0,160000.0,True,Company,0,1338268.0,815777.0,288077.0,21825.0,True,0.0,88576.94,88576.94,17022.0,0.0,True,3399344.94,2511853.94,1105099.0,181825.0,True,True,True,True
American Petroleum Institute,,3390000.0,2500000.0,800000.0,160000.0,True,,0,0.0,0.0,0.0,0.0,False,0.0,0.0,0.0,0.0,0.0,False,3390000.0,2500000.0,800000.0,160000.0,True,True,True,True
Elevance Health - Wellpoint,,2992500.0,2002500.0,862500.0,160000.0,True,Company,0,386000.0,293250.0,71000.0,0.0,True,0.0,0.0,0.0,0.0,0.0,False,3378500.0,2295750.0,933500.0,160000.0,True,True,True,True
Tennesseans For Student Success,,1625000.0,1412500.0,800000.0,160000.0,True,Company,0,446051.0,446051.0,446051.0,111000.0,True,0.0,1237496.82,1237496.82,1237496.82,0.0,True,3308547.82,3096047.82,2483547.82,271000.0,True,True,True,True
Beverage Association Of Tennessee,,2895000.0,2035000.0,1117500.0,275000.0,True,Company,0,386950.0,386950.0,215900.0,40500.0,True,0.0,0.0,0.0,0.0,0.0,False,3281950.0,2421950.0,1333400.0,315500.0,True,True,True,True
Tennessee Chiropractic Association,,2397500.0,2077500.0,875000.0,172500.0,True,Company,0,841384.0,539134.0,258500.0,58500.0,True,0.0,0.0,0.0,0.0,0.0,False,3238884.0,2616634.0,1133500.0,231000.0,True,True,True,True
Tennessee County Services Association,,3235000.0,2517500.0,1237500.0,300000.0,True,,0,0.0,0.0,0.0,0.0,False,0.0,0.0,0.0,0.0,0.0,False,3235000.0,2517500.0,1237500.0,300000.0,True,True,True,True
Americans For Prosperity,,2400000.0,2022500.0,1450000.0,505000.0,True,,0,0.0,0.0,0.0,0.0,False,0.0,805004.91,805004.91,779709.15,0.0,True,3205004.91,2827504.91,2229709.15,505000.0,True,True,True,True
Lifepoint Health,,2360000.0,1720000.0,920000.0,280000.0,True,Company,0,734700.0,597800.0,297200.0,78000.0,True,0.0,1017.0,1017.0,0.0,0.0,True,3095717.0,2318817.0,1217200.0,358000.0,True,True,True,True
Tennessee Cable & Broadband Association,,3092500.0,2517500.0,1615000.0,350000.0,True,,0,0.0,0.0,0.0,0.0,False,0.0,0.0,0.0,0.0,0.0,False,3092500.0,2517500.0,1615000.0,350000.0,True,True,True,True
Reynolds American,,1935000.0,1520000.0,800000.0,160000.0,True,Company,0,1054050.0,850000.0,501000.0,213250.0,True,0.0,0.0,0.0,0.0,0.0,False,2989050.0,2370000.0,1301000.0,373250.0,True,True,True,True
Tennessee Farm Bureau,,2980000.0,2080000.0,1095000.0,215000.0,True,,0,0.0,0.0,0.0,0.0,False,0.0,0.0,0.0,0.0,0.0,False,2980000.0,2080000.0,1095000.0,215000.0,True,True,True,True
Altria Group,,2665000.0,2025000.0,1162500.0,272500.0,True,Company,0,257000.0,216000.0,98000.0,46000.0,True,0.0,0.0,0.0,0.0,0.0,False,2922000.0,2241000.0,1260500.0,318500.0,True,True,True,True
Tennesseans For Student Success,,1625000.0,1412500.0,800000.0,160000.0,True,Company,0,4373.26,4373.26,0.0,0.0,True,0.0,1237496.82,1237496.82,1237496.82,0.0,True,2866870.08,2654370.08,2037496.82,160000.0,True,True,True,True
Oracle,,2805000.0,2450000.0,1650000.0,360000.0,True,,0,0.0,0.0,0.0,0.0,False,0.0,0.0,0.0,0.0,0.0,False,2805000.0,2450000.0,1650000.0,360000.0,True,True,True,True
Csx Transportation,,2482500.0,1242500.0,630000.0,65000.0,True,Company,0,228250.0,116750.0,19750.0,0.0,True,0.0,0.0,0.0,0.0,0.0,False,2710750.0,1359250.0,649750.0,65000.0,True,True,True,True
Tennessee Municipal Electric Power Association,,2690000.0,1987500.0,1375000.0,372500.0,True,,0,0.0,0.0,0.0,0.0,False,0.0,0.0,0.0,0.0,0.0,False,2690000.0,1987500.0,1375000.0,372500.0,True,True,True,True
State Farm,,2652500.0,1962500.0,1050000.0,160000.0,True,,0,0.0,0.0,0.0,0.0,False,0.0,0.0,0.0,0.0,0.0,False,2652500.0,1962500.0,1050000.0,160000.0,True,True,True,True
Tennessee Society Of Anesthesiologists,,1305000.0,1095000.0,800000.0,185000.0,True,Company,0,1324983.0,934033.0,408483.0,80400.0,True,0.0,10219.12,10219.12,1383.5,0.0,True,2640202.12,2039252.12,1209866.5,265400.0,True,True,True,True
Tennessean'S For Quality Early Education,,1972500.0,1972500.0,1500000.0,342500.0,True,Company,0,345350.0,345350.0,172850.0,26500.0,True,0.0,312039.81,312039.81,164662.81,0.0,True,2629889.81,2629889.81,1837512.81,369000.0,True,True,True,True
Lkq Corp,,2382500.0,2167500.0,462500.0,85000.0,True,Company,0,247000.0,152000.0,53500.0,8000.0,True,0.0,0.0,0.0,0.0,0.0,False,2629500.0,2319500.0,516000.0,93000.0,True,True,True,True
Tennessee Hospitality & Tourism Association,,1747500.0,1220000.0,550000.0,160000.0,True,Company,0,807493.0,508993.0,93700.0,0.0,True,0.0,0.0,0.0,0.0,0.0,False,2554993.0,1728993.0,643700.0,160000.0,True,True,True,True
Tennessee Broadband Communications Council - Tennessee Fiber Optic Communities,,2465000.0,1725000.0,725000.0,160000.0,True,,0,0.0,0.0,0.0,0.0,False,0.0,0.0,0.0,0.0,0.0,False,2465000.0,1725000.0,725000.0,160000.0,True,True,True,True
Tennessee Retail Association,,2290000.0,1650000.0,850000.0,210000.0,True,Company,0,159500.0,91000.0,40750.0,12000.0,True,0.0,0.0,0.0,0.0,0.0,False,2449500.0,1741000.0,890750.0,222000.0,True,True,True,True
Tennessee Association Of Professional Bail Agents,,1517500.0,995000.0,532500.0,192500.0,True,Company,0,898150.0,622600.0,279350.0,60500.0,True,0.0,0.0,0.0,0.0,0.0,False,2415650.0,1617600.0,811850.0,253000.0,True,True,True,True
University Of Tennessee Medical Center,,2402500.0,1725000.0,837500.0,160000.0,True,,0,0.0,0.0,0.0,0.0,False,0.0,0.0,0.0,0.0,0.0,False,2402500.0,1725000.0,837500.0,160000.0,True,True,True,True
Tennessee Organization Of School Superintendents,,2400000.0,2200000.0,1150000.0,160000.0,True,,0,0.0,0.0,0.0,0.0,False,0.0,0.0,0.0,0.0,0.0,False,2400000.0,2200000.0,1150000.0,160000.0,True,True,True,True
Community Health Systems,,1827500.0,1300000.0,612500.0,85000.0,True,Company,0,556590.0,415290.0,268090.0,63800.0,True,0.0,0.0,0.0,0.0,0.0,False,2384090.0,1715290.0,880590.0,148800.0,True,True,True,True
United Healthcare,,1562500.0,922500.0,425000.0,85000.0,True,Company,0,787550.0,669550.0,298000.0,0.0,True,0.0,0.0,0.0,0.0,0.0,False,2350050.0,1592050.0,723000.0,85000.0,True,True,True,True
Tennessee Secondary School Athletic Association,,2315000.0,1975000.0,1200000.0,210000.0,True,,0,0.0,0.0,0.0,0.0,False,0.0,0.0,0.0,0.0,0.0,False,2315000.0,1975000.0,1200000.0,210000.0,True,True,True,True
Tennessee Wine And Spirits Retailers Association,,1265000.0,925000.0,500000.0,160000.0,True,Company,0,1027791.0,725500.0,435500.0,121250.0,True,0.0,0.0,0.0,0.0,0.0,False,2292791.0,1650500.0,935500.0,281250.0,True,True,True,True
Pharmaceutical Research And Manufacturers Of America,,1895000.0,1595000.0,945000.0,172500.0,True,Company,0,385100.0,326600.0,171250.0,26750.0,True,0.0,0.0,0.0,0.0,0.0,False,2280100.0,1921600.0,1116250.0,199250.0,True,True,True,True
Tennessee Charter School Center,,2227500.0,1550000.0,787500.0,160000.0,True,,0,0.0,0.0,0.0,0.0,False,0.0,0.0,0.0,0.0,0.0,False,2227500.0,1550000.0,787500.0,160000.0,True,True,True,True
Humana,,2102500.0,1612500.0,800000.0,160000.0,True,Company,0,119900.0,111400.0,24000.0,0.0,True,0.0,0.0,0.0,0.0,0.0,False,2222400.0,1723900.0,824000.0,160000.0,True,True,True,True
Fedex,,495000.0,352500.0,215000.0,20000.0,True,Company,0,1708116.0,1089800.0,437650.0,49350.0,True,0.0,0.0,0.0,0.0,0.0,False,2203116.0,1442300.0,652650.0,69350.0,True,True,True,True
Regional One Health,,2202500.0,1600000.0,800000.0,160000.0,True,,0,0.0,0.0,0.0,0.0,False,0.0,0.0,0.0,0.0,0.0,False,2202500.0,1600000.0,800000.0,160000.0,True,True,True,True
Tennessee Manufactured Housing Association,,1715000.0,1375000.0,800000.0,160000.0,True,Company,0,484750.0,389750.0,247250.0,117000.0,True,0.0,0.0,0.0,0.0,0.0,False,2199750.0,1764750.0,1047250.0,277000.0,True,True,True,True
Center For Individual Freedom,,2147500.0,2147500.0,2147500.0,467500.0,True,,0,0.0,0.0,0.0,0.0,False,0.0,0.0,0.0,0.0,0.0,False,2147500.0,2147500.0,2147500.0,467500.0,True,True,True,True
Tennessee Dental Association,,987500.0,647500.0,382500.0,85000.0,True,Company,0,1134450.0,770950.0,351000.0,41500.0,True,0.0,0.0,0.0,0.0,0.0,False,2121950.0,1418450.0,733500.0,126500.0,True,True,True,True
Tennessee Trucking Association,,937500.0,757500.0,425000.0,85000.0,True,Company,0,1184050.0,982400.0,601000.0,122000.0,True,0.0,0.0,0.0,0.0,0.0,False,2121550.0,1739900.0,1026000.0,207000.0,True,True,True,True
Delta Dental,,1680000.0,1600000.0,800000.0,160000.0,True,Company,0,429300.0,261550.0,158900.0,68900.0,True,0.0,0.0,0.0,0.0,0.0,False,2109300.0,1861550.0,958900.0,228900.0,True,True,True,True
Tennessee Rural Cooperative Communications Association,,2102500.0,1650000.0,1112500.0,272500.0,True,,0,0.0,0.0,0.0,0.0,False,0.0,0.0,0.0,0.0,0.0,False,2102500.0,1650000.0,1112500.0,272500.0,True,True,True,True
Tennessee County Highway Officials Association,,2100000.0,1500000.0,750000.0,150000.0,True,,0,0.0,0.0,0.0,0.0,False,0.0,0.0,0.0,0.0,0.0,False,2100000.0,1500000.0,750000.0,150000.0,True,True,True,True
Tennessee Titans,,2022500.0,1687500.0,927500.0,260000.0,True,Company,0,75500.0,75500.0,75500.0,21000.0,True,0.0,0.0,0.0,0.0,0.0,False,2098000.0,1763000.0,1003000.0,281000.0,True,True,True,True
Concentra Health Services,,2090000.0,1562500.0,800000.0,160000.0,True,,0,0.0,0.0,0.0,0.0,False,0.0,0.0,0.0,0.0,0.0,False,2090000.0,1562500.0,800000.0,160000.0,True,True,True,True
Tennessee Association Of Nurse Anesthetists,,1447500.0,1082500.0,607500.0,230000.0,True,Company,0,635750.0,499000.0,247750.0,45000.0,True,0.0,0.0,0.0,0.0,0.0,False,2083250.0,1581500.0,855250.0,275000.0,True,True,True,True
Planned Parenthood,,1422500.0,595000.0,170000.0,52500.0,True,Company,0,18750.0,18750.0,15750.0,0.0,True,0.0,627467.86,627467.86,487941.4,0.0,True,2068717.86,1241217.86,673691.4,52500.0,True,True,True,True
Tennessee Press Association,,2035000.0,1267500.0,542500.0,85000.0,True,,0,0.0,0.0,0.0,0.0,False,0.0,0.0,0.0,0.0,0.0,False,2035000.0,1267500.0,542500.0,85000.0,True,True,True,True
Coalition Of Large School Systems,,2022500.0,1382500.0,382500.0,45000.0,True,,0,0.0,0.0,0.0,0.0,False,0.0,0.0,0.0,0.0,0.0,False,2022500.0,1382500.0,382500.0,45000.0,True,True,True,False
Tennessee Cash Advance Association,,2012500.0,1315000.0,427500.0,0.0,True,Company,0,8451.29,8451.29,3500.0,3500.0,True,0.0,0.0,0.0,0.0,0.0,False,2020951.29,1323451.29,431000.0,3500.0,True,True,True,False
Associated Builders & Contractors (All Tennessee Chapters),,1680000.0,1360000.0,1067500.0,325000.0,True,Company,0,327350.0,218350.0,48500.0,0.0,True,0.0,0.0,0.0,0.0,0.0,False,2007350.0,1578350.0,1116000.0,325000.0,True,True,True,True
Cigna - Express Scripts,,1985000.0,1207500.0,405000.0,85000.0,True,Company,0,1500.0,1500.0,0.0,0.0,True,0.0,0.0,0.0,0.0,0.0,False,1986500.0,1209000.0,405000.0,85000.0,True,True,True,True
Pfizer,,1610000.0,1215000.0,462500.0,85000.0,True,Company,0,348300.0,348300.0,172300.0,21300.0,True,0.0,0.0,0.0,0.0,0.0,False,1958300.0,1563300.0,634800.0,106300.0,True,True,True,True
American Heart Association,,1947500.0,1360000.0,747500.0,160000.0,True,,0,0.0,0.0,0.0,0.0,False,0.0,0.0,0.0,0.0,0.0,False,1947500.0,1360000.0,747500.0,160000.0,True,True,True,True
Tennessee Public And Teaching Hospital Association,,1902500.0,1250000.0,650000.0,85000.0,True,,0,0.0,0.0,0.0,0.0,False,0.0,0.0,0.0,0.0,0.0,False,1902500.0,1250000.0,650000.0,85000.0,True,True,True,True
Centene - Wellcare,,1870000.0,1747500.0,1412500.0,260000.0,True,Company,0,10400.0,10400.0,0.0,0.0,True,0.0,0.0,0.0,0.0,0.0,False,1880400.0,1757900.0,1412500.0,260000.0,True,True,True,True
Independent Insurance Agents Of Tennessee,,1020000.0,797500.0,425000.0,85000.0,True,Company,0,857436.0,657100.0,371000.0,89000.0,True,0.0,1033.85,0.0,0.0,0.0,True,1878469.85,1454600.0,796000.0,174000.0,True,True,True,True
Maximus,,1877500.0,1412500.0,725000.0,85000.0,True,,0,0.0,0.0,0.0,0.0,False,0.0,0.0,0.0,0.0,0.0,False,1877500.0,1412500.0,725000.0,85000.0,True,True,True,True
Tennessee Infrastructure Alliance,,1837500.0,1252500.0,205000.0,115000.0,True,,0,0.0,0.0,0.0,0.0,False,0.0,0.0,0.0,0.0,0.0,False,1837500.0,1252500.0,205000.0,115000.0,True,True,True,True
Tennessee Association Of Utility Districts,,1410000.0,1050000.0,550000.0,140000.0,True,Company,0,398000.0,339450.0,233850.0,47000.0,True,0.0,0.0,0.0,0.0,0.0,False,1808000.0,1389450.0,783850.0,187000.0,True,True,True,True
Tennessee Credit Union League,,1497500.0,945000.0,502500.0,102500.0,True,Company,0,306020.0,270250.0,173000.0,29500.0,True,0.0,0.0,0.0,0.0,0.0,False,1803520.0,1215250.0,675500.0,132000.0,True,True,True,True
Tennessee Pharmacists Association,,800000.0,620000.0,357500.0,65000.0,True,Company,0,999724.0,564450.0,232450.0,32000.0,True,0.0,0.0,0.0,0.0,0.0,False,1799724.0,1184450.0,589950.0,97000.0,True,True,True,True
Southern Company Gas,,1710000.0,1337500.0,537500.0,85000.0,True,Company,0,87500.0,63500.0,11000.0,0.0,True,0.0,0.0,0.0,0.0,0.0,False,1797500.0,1401000.0,548500.0,85000.0,True,True,True,True
Beacon Center Of Tennessee,,1795000.0,1690000.0,1192500.0,230000.0,True,,0,0.0,0.0,0.0,0.0,False,0.0,0.0,0.0,0.0,0.0,False,1795000.0,1690000.0,1192500.0,230000.0,True,True,True,True
Service Employees International Union,,1595000.0,955000.0,320000.0,0.0,True,Company,0,172948.0,110730.0,73680.0,2000.0,True,0.0,10502.76,8357.79,4230.67,0.0,True,1778450.76,1074087.79,397910.67,2000.0,True,True,True,False
Nashville Convention And Visitors Bureau,,1770000.0,1575000.0,1062500.0,210000.0,True,Company,0,7000.0,0.0,0.0,0.0,True,0.0,0.0,0.0,0.0,0.0,False,1777000.0,1575000.0,1062500.0,210000.0,True,True,True,True
Piedmont Natural Gas,,1765000.0,1312500.0,700000.0,210000.0,True,,0,0.0,0.0,0.0,0.0,False,0.0,0.0,0.0,0.0,0.0,False,1765000.0,1312500.0,700000.0,210000.0,True,True,True,True
Anheuser-Busch,,1407500.0,925000.0,425000.0,85000.0,True,Company,0,356550.0,141000.0,1000.0,0.0,True,0.0,0.0,0.0,0.0,0.0,False,1764050.0,1066000.0,426000.0,85000.0,True,True,True,True
Volkswagen,,1722500.0,1350000.0,762500.0,122500.0,True,Company,0,37500.0,25000.0,0.0,0.0,True,0.0,0.0,0.0,0.0,0.0,False,1760000.0,1375000.0,762500.0,122500.0,True,True,True,True
Consumer Healthcare Products Association,,1752500.0,627500.0,170000.0,0.0,True,,0,0.0,0.0,0.0,0.0,False,0.0,0.0,0.0,0.0,0.0,False,1752500.0,627500.0,170000.0,0.0,True,True,True,False
Novartis,,1732500.0,1152500.0,497500.0,105000.0,True,Company,0,7400.0,500.0,0.0,0.0,True,0.0,0.0,0.0,0.0,0.0,False,1739900.0,1153000.0,497500.0,105000.0,True,True,True,True
Verizon,,1617500.0,1167500.0,762500.0,160000.0,True,Company,0,88650.0,68100.0,30500.0,11000.0,True,0.0,0.0,0.0,0.0,0.0,False,1706150.0,1235600.0,793000.0,171000.0,True,True,True,True
Tennessee911,,1697500.0,1442500.0,850000.0,160000.0,True,,0,0.0,0.0,0.0,0.0,False,0.0,0.0,0.0,0.0,0.0,False,1697500.0,1442500.0,850000.0,160000.0,True,True,True,True
Drd Management,,1690000.0,1300000.0,800000.0,160000.0,True,,0,0.0,0.0,0.0,0.0,False,0.0,0.0,0.0,0.0,0.0,False,1690000.0,1300000.0,800000.0,160000.0,True,True,True,True
Tennessee Society Of Certified Public Accountants,,1235000.0,912500.0,450000.0,90000.0,True,Company,0,443125.0,313950.0,155000.0,38000.0,True,0.0,0.0,0.0,0.0,0.0,False,1678125.0,1226450.0,605000.0,128000.0,True,True,True,True
Tennessee Association Of Assessing Officers,,1667500.0,1187500.0,425000.0,85000.0,True,,0,0.0,0.0,0.0,0.0,False,0.0,0.0,0.0,0.0,0.0,False,1667500.0,1187500.0,425000.0,85000.0,True,True,True,True
Tennessee Distillers Guild,,1662500.0,1550000.0,982500.0,380000.0,True,,0,0.0,0.0,0.0,0.0,False,0.0,0.0,0.0,0.0,0.0,False,1662500.0,1550000.0,982500.0,380000.0,True,True,True,True
Permobil,,1640000.0,1640000.0,1040000.0,0.0,True,Company,0,14744.0,0.0,0.0,0.0,True,0.0,0.0,0.0,0.0,0.0,False,1654744.0,1640000.0,1040000.0,0.0,True,True,True,False
Aarp,,1645000.0,1245000.0,170000.0,65000.0,True,,0,0.0,0.0,0.0,0.0,False,0.0,0.0,0.0,0.0,0.0,False,1645000.0,1245000.0,170000.0,65000.0,True,True,True,True
Oak Ridge National Lab,https://www.ut-battelle.org/,1640000.0,1187500.0,425000.0,85000.0,True,,0,0.0,0.0,0.0,0.0,False,0.0,0.0,0.0,0.0,0.0,False,1640000.0,1187500.0,425000.0,85000.0,True,True,True,True
Tennessee Consumer Finance Association,,1090000.0,810000.0,425000.0,85000.0,True,Company,0,491250.0,405750.0,212500.0,42500.0,True,0.0,0.0,0.0,0.0,0.0,False,1581250.0,1215750.0,637500.0,127500.0,True,True,True,True
Tennessee Group Practice Coalition,,1452500.0,887500.0,462500.0,122500.0,True,Company,0,125250.0,60000.0,21500.0,2000.0,True,0.0,0.0,0.0,0.0,0.0,False,1577750.0,947500.0,484000.0,124500.0,True,True,True,True
Ryman Hospitality,,1527500.0,1352500.0,800000.0,160000.0,True,Company,0,41400.0,23000.0,12250.0,5000.0,True,0.0,0.0,0.0,0.0,0.0,False,1568900.0,1375500.0,812250.0,165000.0,True,True,True,True
Tennessee Nurses Association,,1377500.0,952500.0,330000.0,45000.0,True,Company,0,181600.0,83600.0,43250.0,4500.0,True,0.0,0.0,0.0,0.0,0.0,False,1559100.0,1036100.0,373250.0,49500.0,True,True,True,False
Tennessee County Commissioners Association,,1557500.0,1200000.0,625000.0,122500.0,True,,0,0.0,0.0,0.0,0.0,False,0.0,0.0,0.0,0.0,0.0,False,1557500.0,1200000.0,625000.0,122500.0,True,True,True,True
Tennessee Apartment Association,,1055000.0,770000.0,425000.0,85000.0,True,Company,0,492150.0,395250.0,237000.0,49500.0,True,0.0,0.0,0.0,0.0,0.0,False,1547150.0,1165250.0,662000.0,134500.0,True,True,True,True
K12 Inc,,1507500.0,1112500.0,612500.0,122500.0,True,Company,0,37375.0,0.0,0.0,0.0,True,0.0,0.0,0.0,0.0,0.0,False,1544875.0,1112500.0,612500.0,122500.0,True,True,True,True
Enterprise Rentacar,,1102500.0,762500.0,255000.0,0.0,True,Company,0,428950.0,305200.0,41000.0,0.0,True,0.0,0.0,0.0,0.0,0.0,False,1531450.0,1067700.0,296000.0,0.0,True,True,True,False
Tennessee Forestry Association,,1422500.0,1202500.0,497500.0,110000.0,True,Company,0,95300.0,64500.0,22500.0,1000.0,True,0.0,403.41,0.0,0.0,0.0,True,1518203.41,1267000.0,520000.0,111000.0,True,True,True,True
Allergy Associates,,1515000.0,1425000.0,900000.0,160000.0,True,,0,0.0,0.0,0.0,0.0,False,0.0,0.0,0.0,0.0,0.0,False,1515000.0,1425000.0,900000.0,160000.0,True,True,True,True
Rogers Group,,1105000.0,727500.0,345000.0,65000.0,True,Company,0,358799.0,250800.0,83000.0,11500.0,True,0.0,0.0,0.0,0.0,0.0,False,1463799.0,978300.0,428000.0,76500.0,True,True,True,True
Aia Tennessee,,1312500.0,1012500.0,537500.0,85000.0,True,Company,0,144084.0,87084.0,22584.0,0.0,True,0.0,0.0,0.0,0.0,0.0,False,1456584.0,1099584.0,560084.0,85000.0,True,True,True,True
Total Wine & More,,1450000.0,1450000.0,950000.0,210000.0,True,,0,0.0,0.0,0.0,0.0,False,0.0,0.0,0.0,0.0,0.0,False,1450000.0,1450000.0,950000.0,210000.0,True,True,True,True
Vanderbilt University Medical Center,,1430000.0,1430000.0,705000.0,160000.0,True,,0,0.0,0.0,0.0,0.0,False,0.0,0.0,0.0,0.0,0.0,False,1430000.0,1430000.0,705000.0,160000.0,True,True,True,True
Sas Institute,,1427500.0,850000.0,425000.0,85000.0,True,,0,0.0,0.0,0.0,0.0,False,0.0,0.0,0.0,0.0,0.0,False,1427500.0,850000.0,425000.0,85000.0,True,True,True,True
Corizon Health,,1427500.0,1317500.0,187500.0,0.0,True,,0,0.0,0.0,0.0,0.0,False,0.0,0.0,0.0,0.0,0.0,False,1427500.0,1317500.0,187500.0,0.0,True,True,True,False
Cvs Health,,1415000.0,1075000.0,612500.0,122500.0,True,,0,0.0,0.0,0.0,0.0,False,0.0,0.0,0.0,0.0,0.0,False,1415000.0,1075000.0,612500.0,122500.0,True,True,True,True
Unum Group,,1217500.0,997500.0,425000.0,85000.0,True,Company,0,195250.0,139150.0,83250.0,16500.0,True,0.0,0.0,0.0,0.0,0.0,False,1412750.0,1136650.0,508250.0,101500.0,True,True,True,True
Tennessee Malt Beverage Association,,1412500.0,875000.0,450000.0,85000.0,True,,0,0.0,0.0,0.0,0.0,False,0.0,0.0,0.0,0.0,0.0,False,1412500.0,875000.0,450000.0,85000.0,True,True,True,True
Tennessee Installment Lenders Association,,1277500.0,900000.0,425000.0,85000.0,True,Company,0,132000.0,132000.0,65500.0,13500.0,True,0.0,0.0,0.0,0.0,0.0,False,1409500.0,1032000.0,490500.0,98500.0,True,True,True,True
National Federation Of Independent Business,,1030000.0,862500.0,470000.0,65000.0,True,Company,0,330069.0,330069.0,170644.0,25500.0,True,0.0,28016.54,3173.74,349.43,0.0,True,1388085.54,1195742.74,640993.43,90500.0,True,True,True,True
Tennessee American Water,,1220000.0,885000.0,460000.0,85000.0,True,Company,0,160550.0,109050.0,47500.0,10000.0,True,0.0,0.0,0.0,0.0,0.0,False,1380550.0,994050.0,507500.0,95000.0,True,True,True,True
Bnsf Railway Co.,,1030000.0,790000.0,405000.0,85000.0,True,Company,0,350275.0,288550.0,153500.0,24000.0,True,0.0,0.0,0.0,0.0,0.0,False,1380275.0,1078550.0,558500.0,109000.0,True,True,True,True
Outdoor Advertising Of Tennessee,,1190000.0,850000.0,425000.0,85000.0,True,Company,0,188350.0,87800.0,31000.0,2500.0,True,0.0,0.0,0.0,0.0,0.0,False,1378350.0,937800.0,456000.0,87500.0,True,True,True,True
Tennessee Farmers Insurance,,1375000.0,975000.0,437500.0,85000.0,True,,0,0.0,0.0,0.0,0.0,False,0.0,0.0,0.0,0.0,0.0,False,1375000.0,975000.0,437500.0,85000.0,True,True,True,True
Tennessee State Collaborative On Reforming Education (Score),,1370000.0,1320000.0,850000.0,210000.0,True,,0,0.0,0.0,0.0,0.0,False,0.0,0.0,0.0,0.0,0.0,False,1370000.0,1320000.0,850000.0,210000.0,True,True,True,True
Retirement Companies Of America,https://retirementcompanies.com/the-rca-way/leadership/,1250000.0,972500.0,162500.0,20000.0,True,Company,0,110150.0,84550.0,46750.0,3000.0,True,0.0,0.0,0.0,0.0,0.0,False,1360150.0,1057050.0,209250.0,23000.0,True,True,True,False
Meharry Medical College,,1357500.0,997500.0,377500.0,65000.0,True,,0,0.0,0.0,0.0,0.0,False,0.0,0.0,0.0,0.0,0.0,False,1357500.0,997500.0,377500.0,65000.0,True,True,True,True
Google,,1355000.0,1257500.0,762500.0,160000.0,True,,0,0.0,0.0,0.0,0.0,False,0.0,0.0,0.0,0.0,0.0,False,1355000.0,1257500.0,762500.0,160000.0,True,True,True,True
Norfolk Southern,,1190000.0,850000.0,425000.0,85000.0,True,Company,0,164900.0,143150.0,65750.0,9750.0,True,0.0,0.0,0.0,0.0,0.0,False,1354900.0,993150.0,490750.0,94750.0,True,True,True,True
Airbnb,,1225000.0,1225000.0,625000.0,160000.0,True,Company,0,129500.0,129500.0,67000.0,54000.0,True,0.0,0.0,0.0,0.0,0.0,False,1354500.0,1354500.0,692000.0,214000.0,True,True,True,True
Randy Boyd Pac,,0.0,0.0,0.0,0.0,False,,0,0.0,0.0,0.0,0.0,False,0.0,1342564.46,1342564.46,0.0,0.0,True,1342564.46,1342564.46,0.0,0.0,True,True,False,False
Tennessee Public Television Council,,1340000.0,1000000.0,575000.0,160000.0,True,,0,0.0,0.0,0.0,0.0,False,0.0,0.0,0.0,0.0,0.0,False,1340000.0,1000000.0,575000.0,160000.0,True,True,True,True
Marsy'S Law For All,,1327500.0,1327500.0,682500.0,160000.0,True,,0,0.0,0.0,0.0,0.0,False,0.0,0.0,0.0,0.0,0.0,False,1327500.0,1327500.0,682500.0,160000.0,True,True,True,True
Tennessee School Boards Association,,1327500.0,1100000.0,662500.0,122500.0,True,,0,0.0,0.0,0.0,0.0,False,0.0,0.0,0.0,0.0,0.0,False,1327500.0,1100000.0,662500.0,122500.0,True,True,True,True
Tslms,,1325000.0,1282500.0,65000.0,0.0,True,,0,0.0,0.0,0.0,0.0,False,0.0,0.0,0.0,0.0,0.0,False,1325000.0,1282500.0,65000.0,0.0,True,True,False,False
Education Networks Of America,,1317500.0,752500.0,210000.0,0.0,True,,0,0.0,0.0,0.0,0.0,False,0.0,0.0,0.0,0.0,0.0,False,1317500.0,752500.0,210000.0,0.0,True,True,True,False
American Resort Development Association,,792500.0,532500.0,202500.0,45000.0,True,Company,0,507350.0,344850.0,206350.0,49000.0,True,0.0,1000.0,1000.0,0.0,0.0,True,1300850.0,878350.0,408850.0,94000.0,True,True,True,True
American Lung Association,,1300000.0,1300000.0,800000.0,160000.0,True,,0,0.0,0.0,0.0,0.0,False,0.0,0.0,0.0,0.0,0.0,False,1300000.0,1300000.0,800000.0,160000.0,True,True,True,True
Tennessee Association Of Optometric Physicians,,890000.0,650000.0,320000.0,152500.0,True,Company,0,399600.0,162000.0,19500.0,0.0,True,0.0,0.0,0.0,0.0,0.0,False,1289600.0,812000.0,339500.0,152500.0,True,True,True,True
Tennessee Disability Coalition,,1287500.0,995000.0,565000.0,117500.0,True,,0,0.0,0.0,0.0,0.0,False,0.0,0.0,0.0,0.0,0.0,False,1287500.0,995000.0,565000.0,117500.0,True,True,True,True
Wholesalers Association,,0.0,0.0,0.0,0.0,False,Company,0,1283655.0,938480.0,508800.0,100700.0,True,0.0,2671.92,840.44,0.0,0.0,True,1286326.92,939320.44,508800.0,100700.0,True,True,True,True
Waste Management,,1112500.0,932500.0,577500.0,85000.0,True,Company,0,172650.0,120750.0,61750.0,13750.0,True,0.0,0.0,0.0,0.0,0.0,False,1285150.0,1053250.0,639250.0,98750.0,True,True,True,True
Energysolutions,,1215000.0,450000.0,225000.0,45000.0,True,Company,0,69500.0,23500.0,14500.0,3000.0,True,0.0,0.0,0.0,0.0,0.0,False,1284500.0,473500.0,239500.0,48000.0,True,True,True,False
Everytown For Gun Safety Action Fund,,1267500.0,1190000.0,702500.0,97500.0,True,Company,0,10000.0,10000.0,0.0,0.0,True,0.0,0.0,0.0,0.0,0.0,False,1277500.0,1200000.0,702500.0,97500.0,True,True,True,True
Merck,,1112500.0,717500.0,400000.0,102500.0,True,Company,0,163050.0,161550.0,56550.0,0.0,True,0.0,0.0,0.0,0.0,0.0,False,1275550.0,879050.0,456550.0,102500.0,True,True,True,True
Youth Villages,,1272500.0,1092500.0,687500.0,160000.0,True,,0,0.0,0.0,0.0,0.0,False,0.0,0.0,0.0,0.0,0.0,False,1272500.0,1092500.0,687500.0,160000.0,True,True,True,True
Goodwill,,1267500.0,1267500.0,1017500.0,282500.0,True,,0,0.0,0.0,0.0,0.0,False,0.0,0.0,0.0,0.0,0.0,False,1267500.0,1267500.0,1017500.0,282500.0,True,True,True,True
"Volkert, Inc.",,1242500.0,1072500.0,820000.0,560000.0,True,Company,0,21500.0,15000.0,15000.0,0.0,True,0.0,0.0,0.0,0.0,0.0,False,1264000.0,1087500.0,835000.0,560000.0,True,True,True,True
Tennessee Physical Therapy Association,,1150000.0,850000.0,425000.0,85000.0,True,Company,0,112650.0,73500.0,34000.0,0.0,True,0.0,0.0,0.0,0.0,0.0,False,1262650.0,923500.0,459000.0,85000.0,True,True,True,True
Tennessee Academy Of Physician Assistants,,1262500.0,962500.0,500000.0,85000.0,True,,0,0.0,0.0,0.0,0.0,False,0.0,0.0,0.0,0.0,0.0,False,1262500.0,962500.0,500000.0,85000.0,True,True,True,True
Advance Financial/Advance America/Community Choice Financial,,0.0,0.0,0.0,0.0,False,Company,0,1259175.0,817600.0,490000.0,158000.0,True,0.0,0.0,0.0,0.0,0.0,False,1259175.0,817600.0,490000.0,158000.0,True,True,True,True
Erlanger Health System,,1257500.0,787500.0,197500.0,85000.0,True,,0,0.0,0.0,0.0,0.0,False,0.0,0.0,0.0,0.0,0.0,False,1257500.0,787500.0,197500.0,85000.0,True,True,True,True
Ebay,,1255000.0,872500.0,372500.0,65000.0,True,,0,0.0,0.0,0.0,0.0,False,0.0,0.0,0.0,0.0,0.0,False,1255000.0,872500.0,372500.0,65000.0,True,True,True,True
Hospital Authority Of Metro Government Of Nashville & Davidson County,,1252500.0,1085000.0,935000.0,155000.0,True,,0,0.0,0.0,0.0,0.0,False,0.0,0.0,0.0,0.0,0.0,False,1252500.0,1085000.0,935000.0,155000.0,True,True,True,True
Public Consulting Group,,1250000.0,930000.0,537500.0,85000.0,True,,0,0.0,0.0,0.0,0.0,False,0.0,0.0,0.0,0.0,0.0,False,1250000.0,930000.0,537500.0,85000.0,True,True,True,True
U.S. Chamber Of Commerce,,1250000.0,425000.0,142500.0,20000.0,True,,0,0.0,0.0,0.0,0.0,False,0.0,0.0,0.0,0.0,0.0,False,1250000.0,425000.0,142500.0,20000.0,True,True,True,False
Global Tel Link Corporation,,1247500.0,1017500.0,612500.0,122500.0,True,,0,0.0,0.0,0.0,0.0,False,0.0,0.0,0.0,0.0,0.0,False,1247500.0,1017500.0,612500.0,122500.0,True,True,True,True
Association Of County Mayors,,1230000.0,995000.0,282500.0,102500.0,True,,0,0.0,0.0,0.0,0.0,False,0.0,0.0,0.0,0.0,0.0,False,1230000.0,995000.0,282500.0,102500.0,True,True,True,True
Farm Credit Mid-America,,1227500.0,1007500.0,292500.0,85000.0,True,,0,0.0,0.0,0.0,0.0,False,0.0,0.0,0.0,0.0,0.0,False,1227500.0,1007500.0,292500.0,85000.0,True,True,True,True
Tennessee Oncology Practice Society,,1227500.0,1227500.0,762500.0,160000.0,True,,0,0.0,0.0,0.0,0.0,False,0.0,0.0,0.0,0.0,0.0,False,1227500.0,1227500.0,762500.0,160000.0,True,True,True,True
Motorola,,1165000.0,885000.0,500000.0,85000.0,True,Company,0,53000.0,15000.0,5000.0,0.0,True,0.0,0.0,0.0,0.0,0.0,False,1218000.0,900000.0,505000.0,85000.0,True,True,True,True
Aegis Sciences Corporation,,1207500.0,810000.0,422500.0,85000.0,True,,0,0.0,0.0,0.0,0.0,False,0.0,0.0,0.0,0.0,0.0,False,1207500.0,810000.0,422500.0,85000.0,True,True,True,True
"Lawson, Phillip & Janet",,0.0,0.0,0.0,0.0,False,Individual,0,1202712.0,1202712.0,1182712.0,265300.0,True,0.0,0.0,0.0,0.0,0.0,False,1202712.0,1202712.0,1182712.0,265300.0,True,True,True,True
Nashville Cares,,1202500.0,1022500.0,645000.0,225000.0,True,,0,0.0,0.0,0.0,0.0,False,0.0,0.0,0.0,0.0,0.0,False,1202500.0,1022500.0,645000.0,225000.0,True,True,True,True
Uber,,1202500.0,920000.0,425000.0,85000.0,True,,0,0.0,0.0,0.0,0.0,False,0.0,0.0,0.0,0.0,0.0,False,1202500.0,920000.0,425000.0,85000.0,True,True,True,True
Bank Of America,,1190000.0,850000.0,425000.0,85000.0,True,Company,0,12250.0,0.0,0.0,0.0,True,0.0,0.0,0.0,0.0,0.0,False,1202250.0,850000.0,425000.0,85000.0,True,True,True,True
"Mills, Olan & Norma",,0.0,0.0,0.0,0.0,False,Individual,0,1202000.0,852000.0,492000.0,85000.0,True,0.0,0.0,0.0,0.0,0.0,False,1202000.0,852000.0,492000.0,85000.0,True,True,True,True
Tennessee Construction Coalition,,1200000.0,375000.0,110000.0,0.0,True,,0,0.0,0.0,0.0,0.0,False,0.0,0.0,0.0,0.0,0.0,False,1200000.0,375000.0,110000.0,0.0,True,True,True,False
Recording Industry Association Of America,,1190000.0,850000.0,425000.0,85000.0,True,Company,0,8000.0,8000.0,8000.0,0.0,True,0.0,0.0,0.0,0.0,0.0,False,1198000.0,858000.0,433000.0,85000.0,True,True,True,True
Recording Industry Association Of America,,1190000.0,850000.0,425000.0,85000.0,True,Company,0,7000.0,4500.0,0.0,0.0,True,0.0,0.0,0.0,0.0,0.0,False,1197000.0,854500.0,425000.0,85000.0,True,True,True,True
Live Nation - Ticketmaster,,1195000.0,822500.0,437500.0,85000.0,True,,0,0.0,0.0,0.0,0.0,False,0.0,0.0,0.0,0.0,0.0,False,1195000.0,822500.0,437500.0,85000.0,True,True,True,True
South College,,1190000.0,850000.0,425000.0,85000.0,True,,0,0.0,0.0,0.0,0.0,False,0.0,0.0,0.0,0.0,0.0,False,1190000.0,850000.0,425000.0,85000.0,True,True,True,True
Uhs Of Delaware,,1190000.0,850000.0,425000.0,85000.0,True,,0,0.0,0.0,0.0,0.0,False,0.0,0.0,0.0,0.0,0.0,False,1190000.0,850000.0,425000.0,85000.0,True,True,True,True
Geographic Solutions,,1172500.0,912500.0,382500.0,85000.0,True,,0,0.0,0.0,0.0,0.0,False,0.0,0.0,0.0,0.0,0.0,False,1172500.0,912500.0,382500.0,85000.0,True,True,True,True
Cigar Association Of America,,1170000.0,830000.0,405000.0,85000.0,True,,0,0.0,0.0,0.0,0.0,False,0.0,0.0,0.0,0.0,0.0,False,1170000.0,830000.0,405000.0,85000.0,True,True,True,True
Quest Diagnostics,,1170000.0,872500.0,385000.0,65000.0,True,,0,0.0,0.0,0.0,0.0,False,0.0,0.0,0.0,0.0,0.0,False,1170000.0,872500.0,385000.0,65000.0,True,True,True,True
Acadia Healthcare,,917500.0,917500.0,480000.0,85000.0,True,Company,0,246986.0,201986.0,80200.0,0.0,True,0.0,5075.64,5075.64,0.0,0.0,True,1169561.64,1124561.64,560200.0,85000.0,True,True,True,True
American Council Of Engineering Companies Of Tennessee,,1167500.0,1025000.0,667500.0,102500.0,True,,0,0.0,0.0,0.0,0.0,False,0.0,0.0,0.0,0.0,0.0,False,1167500.0,1025000.0,667500.0,102500.0,True,True,True,True
Lenscrafters,,1162500.0,405000.0,105000.0,0.0,True,,0,0.0,0.0,0.0,0.0,False,0.0,0.0,0.0,0.0,0.0,False,1162500.0,405000.0,105000.0,0.0,True,True,True,False
Johnson Controls,,1150000.0,720000.0,297500.0,0.0,True,,0,0.0,0.0,0.0,0.0,False,0.0,0.0,0.0,0.0,0.0,False,1150000.0,720000.0,297500.0,0.0,True,True,True,False
Metropolitan Nashville Airport Authority,,1147500.0,1025000.0,705000.0,102500.0,True,,0,0.0,0.0,0.0,0.0,False,0.0,0.0,0.0,0.0,0.0,False,1147500.0,1025000.0,705000.0,102500.0,True,True,True,True
"Noble Education, Inc.",,1137500.0,1137500.0,987500.0,160000.0,True,,0,0.0,0.0,0.0,0.0,False,0.0,0.0,0.0,0.0,0.0,False,1137500.0,1137500.0,987500.0,160000.0,True,True,True,True
"Bristol Motor Speedway, Llc",,1137500.0,1095000.0,1095000.0,375000.0,True,,0,0.0,0.0,0.0,0.0,False,0.0,0.0,0.0,0.0,0.0,False,1137500.0,1095000.0,1095000.0,375000.0,True,True,True,True
Eli Lilly,,950000.0,610000.0,365000.0,85000.0,True,Company,0,186600.0,125000.0,62500.0,16000.0,True,0.0,0.0,0.0,0.0,0.0,False,1136600.0,735000.0,427500.0,101000.0,True,True,True,True
Aclu,,1130000.0,1060000.0,865000.0,210000.0,True,,0,0.0,0.0,0.0,0.0,False,0.0,0.0,0.0,0.0,0.0,False,1130000.0,1060000.0,865000.0,210000.0,True,True,True,True
Aaa,,1127500.0,480000.0,100000.0,20000.0,True,,0,0.0,0.0,0.0,0.0,False,0.0,0.0,0.0,0.0,0.0,False,1127500.0,480000.0,100000.0,20000.0,True,True,True,False
Bridgestone,,1127500.0,790000.0,405000.0,85000.0,True,,0,0.0,0.0,0.0,0.0,False,0.0,0.0,0.0,0.0,0.0,False,1127500.0,790000.0,405000.0,85000.0,True,True,True,True
Houghton Mifflin Harcourt Publishing Company,,1127500.0,722500.0,297500.0,0.0,True,,0,0.0,0.0,0.0,0.0,False,0.0,0.0,0.0,0.0,0.0,False,1127500.0,722500.0,297500.0,0.0,True,True,True,False
Charter Communications,,435000.0,342500.0,172500.0,0.0,True,Company,0,688100.0,688100.0,397900.0,112400.0,True,0.0,0.0,0.0,0.0,0.0,False,1123100.0,1030600.0,570400.0,112400.0,True,True,True,True
Pearson Education,,1117500.0,910000.0,600000.0,105000.0,True,,0,0.0,0.0,0.0,0.0,False,0.0,0.0,0.0,0.0,0.0,False,1117500.0,910000.0,600000.0,105000.0,True,True,True,True
Lincoln Memorial University,,1115000.0,1105000.0,715000.0,300000.0,True,,0,0.0,0.0,0.0,0.0,False,0.0,0.0,0.0,0.0,0.0,False,1115000.0,1105000.0,715000.0,300000.0,True,True,True,True
Republic Services,,1045000.0,785000.0,447500.0,122500.0,True,Company,0,67250.0,64750.0,41000.0,0.0,True,0.0,0.0,0.0,0.0,0.0,False,1112250.0,849750.0,488500.0,122500.0,True,True,True,True
Gsk,,1090000.0,750000.0,365000.0,65000.0,True,Company,0,21200.0,7900.0,0.0,0.0,True,0.0,0.0,0.0,0.0,0.0,False,1111200.0,757900.0,365000.0,65000.0,True,True,True,True
Campaign For Great Public Schools,,742500.0,742500.0,635000.0,45000.0,True,Company,0,364100.0,364100.0,307800.0,0.0,True,0.0,0.0,0.0,0.0,0.0,False,1106600.0,1106600.0,942800.0,45000.0,True,True,True,False
Nissan,,1102500.0,782500.0,425000.0,85000.0,True,Company,0,2500.0,0.0,0.0,0.0,True,0.0,0.0,0.0,0.0,0.0,False,1105000.0,782500.0,425000.0,85000.0,True,True,True,True
Tennessee Primary Care Association,,1097500.0,942500.0,352500.0,65000.0,True,,0,0.0,0.0,0.0,0.0,False,0.0,0.0,0.0,0.0,0.0,False,1097500.0,942500.0,352500.0,65000.0,True,True,True,True
Diageo North America,,1085000.0,885000.0,435000.0,85000.0,True,Company,0,12000.0,12000.0,7000.0,0.0,True,0.0,0.0,0.0,0.0,0.0,False,1097000.0,897000.0,442000.0,85000.0,True,True,True,True
Justcity,,1095000.0,1085000.0,492500.0,45000.0,True,,0,0.0,0.0,0.0,0.0,False,0.0,0.0,0.0,0.0,0.0,False,1095000.0,1085000.0,492500.0,45000.0,True,True,True,False
Centurion,,1095000.0,850000.0,425000.0,85000.0,True,,0,0.0,0.0,0.0,0.0,False,0.0,0.0,0.0,0.0,0.0,False,1095000.0,850000.0,425000.0,85000.0,True,True,True,True
Alzheimer'S Association,,1092500.0,1012500.0,455000.0,45000.0,True,,0,0.0,0.0,0.0,0.0,False,0.0,0.0,0.0,0.0,0.0,False,1092500.0,1012500.0,455000.0,45000.0,True,True,True,False
Ymca Of Middle Tennessee,,1087500.0,747500.0,322500.0,45000.0,True,,0,0.0,0.0,0.0,0.0,False,0.0,0.0,0.0,0.0,0.0,False,1087500.0,747500.0,322500.0,45000.0,True,True,True,False
Tennessee School Systems For Equity - Tennessee Education And Management Services,,1087500.0,680000.0,300000.0,65000.0,True,,0,0.0,0.0,0.0,0.0,False,0.0,0.0,0.0,0.0,0.0,False,1087500.0,680000.0,300000.0,65000.0,True,True,True,True
Sci Tennessee Funeral Services,,1082500.0,887500.0,462500.0,97500.0,True,,0,0.0,0.0,0.0,0.0,False,0.0,0.0,0.0,0.0,0.0,False,1082500.0,887500.0,462500.0,97500.0,True,True,True,True
"Tennessee Oncology, Pllc",,1080000.0,1080000.0,920000.0,230000.0,True,,0,0.0,0.0,0.0,0.0,False,0.0,0.0,0.0,0.0,0.0,False,1080000.0,1080000.0,920000.0,230000.0,True,True,True,True
Vulcan Construction Materials,,1017500.0,837500.0,235000.0,52500.0,True,Company,0,57350.0,48200.0,20000.0,3000.0,True,0.0,0.0,0.0,0.0,0.0,False,1074850.0,885700.0,255000.0,55500.0,True,True,True,True
"Gilead Sciences, Inc.",,1055000.0,747500.0,425000.0,85000.0,True,,0,0.0,0.0,0.0,0.0,False,0.0,0.0,0.0,0.0,0.0,False,1055000.0,747500.0,425000.0,85000.0,True,True,True,True
Qk4,,1052500.0,647500.0,222500.0,0.0,True,,0,0.0,0.0,0.0,0.0,False,0.0,0.0,0.0,0.0,0.0,False,1052500.0,647500.0,222500.0,0.0,True,True,True,False
Baptist Memorial Health.,,1050000.0,782500.0,570000.0,102500.0,True,,0,0.0,0.0,0.0,0.0,False,0.0,0.0,0.0,0.0,0.0,False,1050000.0,782500.0,570000.0,102500.0,True,True,True,True
American Cancer Society,,1047500.0,727500.0,352500.0,85000.0,True,,0,0.0,0.0,0.0,0.0,False,0.0,0.0,0.0,0.0,0.0,False,1047500.0,727500.0,352500.0,85000.0,True,True,True,True
"Wayne Halfway House, Inc.",,1042500.0,762500.0,537500.0,160000.0,True,Company,0,1000.0,1000.0,1000.0,0.0,True,0.0,0.0,0.0,0.0,0.0,False,1043500.0,763500.0,538500.0,160000.0,True,True,True,True
Tennessee Oil And Gas Association,,832500.0,492500.0,100000.0,20000.0,True,Company,0,201771.0,116271.0,38500.0,5000.0,True,0.0,0.0,0.0,0.0,0.0,False,1034271.0,608771.0,138500.0,25000.0,True,True,True,False
Enova Online Services,,1032500.0,987500.0,265000.0,65000.0,True,,0,0.0,0.0,0.0,0.0,False,0.0,0.0,0.0,0.0,0.0,False,1032500.0,987500.0,265000.0,65000.0,True,True,True,True
Triton Management Services Llc,,1032500.0,850000.0,425000.0,85000.0,True,,0,0.0,0.0,0.0,0.0,False,0.0,0.0,0.0,0.0,0.0,False,1032500.0,850000.0,425000.0,85000.0,True,True,True,True
Motion Picture Association Of America,,1030000.0,730000.0,435000.0,160000.0,True,Company,0,1000.0,0.0,0.0,0.0,True,0.0,0.0,0.0,0.0,0.0,False,1031000.0,730000.0,435000.0,160000.0,True,True,True,True
Bnsf Railway Co.,,1030000.0,790000.0,405000.0,85000.0,True,Company,0,1000.0,1000.0,1000.0,0.0,True,0.0,0.0,0.0,0.0,0.0,False,1031000.0,791000.0,406000.0,85000.0,True,True,True,True
Dentaquest Of Tennessee Llc,,1025000.0,790000.0,385000.0,45000.0,True,,0,0.0,0.0,0.0,0.0,False,0.0,0.0,0.0,0.0,0.0,False,1025000.0,790000.0,385000.0,45000.0,True,True,True,False
Igt And Its Affiliates,,1022500.0,1022500.0,617500.0,152500.0,True,,0,0.0,0.0,0.0,0.0,False,0.0,0.0,0.0,0.0,0.0,False,1022500.0,1022500.0,617500.0,152500.0,True,True,True,True
Tennessee Dental Hygienists Association,,1017500.0,737500.0,472500.0,85000.0,True,,0,0.0,0.0,0.0,0.0,False,0.0,0.0,0.0,0.0,0.0,False,1017500.0,737500.0,472500.0,85000.0,True,True,True,True
"Yass, Jeff",,0.0,0.0,0.0,0.0,False,Individual,0,1000000.0,1000000.0,1000000.0,1000000.0,True,0.0,0.0,0.0,0.0,0.0,False,1000000.0,1000000.0,1000000.0,1000000.0,True,True,True,True
Tennessee Smoke Free Association,,1000000.0,1000000.0,470000.0,210000.0,True,,0,0.0,0.0,0.0,0.0,False,0.0,0.0,0.0,0.0,0.0,False,1000000.0,1000000.0,470000.0,210000.0,True,True,True,True
Medtronic,,990000.0,670000.0,285000.0,45000.0,True,,0,0.0,0.0,0.0,0.0,False,0.0,0.0,0.0,0.0,0.0,False,990000.0,670000.0,285000.0,45000.0,True,True,True,False
"Pearson (Closed), Justin J.",,0.0,0.0,0.0,0.0,False,Individual,0,978311.0,978311.0,978311.0,0.0,True,0.0,0.0,0.0,0.0,0.0,False,978311.0,978311.0,978311.0,0.0,True,True,True,False
Urban Story Ventures,,960000.0,960000.0,800000.0,160000.0,True,,0,0.0,0.0,0.0,0.0,False,0.0,0.0,0.0,0.0,0.0,False,960000.0,960000.0,800000.0,160000.0,True,True,True,True
Civilis Strategies,,960000.0,960000.0,210000.0,0.0,True,,0,0.0,0.0,0.0,0.0,False,0.0,0.0,0.0,0.0,0.0,False,960000.0,960000.0,210000.0,0.0,True,True,True,False
American International Group,,957500.0,677500.0,292500.0,45000.0,True,,0,0.0,0.0,0.0,0.0,False,0.0,0.0,0.0,0.0,0.0,False,957500.0,677500.0,292500.0,45000.0,True,True,True,False
Catholic Public Policy Commission Of Tennessee,,952500.0,542500.0,42500.0,0.0,True,,0,0.0,0.0,0.0,0.0,False,0.0,0.0,0.0,0.0,0.0,False,952500.0,542500.0,42500.0,0.0,True,True,False,False
Children'S Hospital Alliance Of Tennessee,,947500.0,572500.0,370000.0,85000.0,True,,0,0.0,0.0,0.0,0.0,False,0.0,0.0,0.0,0.0,0.0,False,947500.0,572500.0,370000.0,85000.0,True,True,True,True
Deloitte Consulting Llp,,940000.0,817500.0,425000.0,85000.0,True,,0,0.0,0.0,0.0,0.0,False,0.0,0.0,0.0,0.0,0.0,False,940000.0,817500.0,425000.0,85000.0,True,True,True,True
Wine Institute,,935000.0,700000.0,372500.0,85000.0,True,,0,0.0,0.0,0.0,0.0,False,0.0,0.0,0.0,0.0,0.0,False,935000.0,700000.0,372500.0,85000.0,True,True,True,True
Equifax,,935000.0,935000.0,775000.0,210000.0,True,,0,0.0,0.0,0.0,0.0,False,0.0,0.0,0.0,0.0,0.0,False,935000.0,935000.0,775000.0,210000.0,True,True,True,True
Memorial Health Care System,,935000.0,702500.0,297500.0,0.0,True,,0,0.0,0.0,0.0,0.0,False,0.0,0.0,0.0,0.0,0.0,False,935000.0,702500.0,297500.0,0.0,True,True,True,False
Tennessee Railroad Association (Tnrra),,935000.0,850000.0,425000.0,85000.0,True,,0,0.0,0.0,0.0,0.0,False,0.0,0.0,0.0,0.0,0.0,False,935000.0,850000.0,425000.0,85000.0,True,True,True,True
Tennessee Public Transportation Association,,735000.0,475000.0,225000.0,45000.0,True,Company,0,196500.0,196500.0,82500.0,21000.0,True,0.0,0.0,0.0,0.0,0.0,False,931500.0,671500.0,307500.0,66000.0,True,True,True,True
Election Systems & Software,,930000.0,750000.0,425000.0,85000.0,True,,0,0.0,0.0,0.0,0.0,False,0.0,0.0,0.0,0.0,0.0,False,930000.0,750000.0,425000.0,85000.0,True,True,True,True
Alkermes,,915000.0,830000.0,405000.0,85000.0,True,Individual,0,5000.0,5000.0,0.0,0.0,True,0.0,0.0,0.0,0.0,0.0,False,920000.0,835000.0,405000.0,85000.0,True,True,True,True
Accenture Llp,,917500.0,865000.0,612500.0,160000.0,True,,0,0.0,0.0,0.0,0.0,False,0.0,0.0,0.0,0.0,0.0,False,917500.0,865000.0,612500.0,160000.0,True,True,True,True
Tn Assn. Of Broadcasters,,907500.0,635000.0,457500.0,65000.0,True,,0,0.0,0.0,0.0,0.0,False,0.0,0.0,0.0,0.0,0.0,False,907500.0,635000.0,457500.0,65000.0,True,True,True,True
Tennessee Mining Association,,905000.0,625000.0,275000.0,45000.0,True,,0,0.0,0.0,0.0,0.0,False,0.0,0.0,0.0,0.0,0.0,False,905000.0,625000.0,275000.0,45000.0,True,True,True,False
"Sellers, Dorsey & Associates",,897500.0,810000.0,425000.0,85000.0,True,,0,0.0,0.0,0.0,0.0,False,0.0,0.0,0.0,0.0,0.0,False,897500.0,810000.0,425000.0,85000.0,True,True,True,True
Enbridge,,895000.0,895000.0,630000.0,160000.0,True,,0,0.0,0.0,0.0,0.0,False,0.0,0.0,0.0,0.0,0.0,False,895000.0,895000.0,630000.0,160000.0,True,True,True,True
Tennessee Radiological Society,,890000.0,670000.0,405000.0,85000.0,True,,0,0.0,0.0,0.0,0.0,False,0.0,0.0,0.0,0.0,0.0,False,890000.0,670000.0,405000.0,85000.0,True,True,True,True
Wacker Polysilicon North America Llc,,887500.0,842500.0,565000.0,85000.0,True,,0,0.0,0.0,0.0,0.0,False,0.0,0.0,0.0,0.0,0.0,False,887500.0,842500.0,565000.0,85000.0,True,True,True,True
Kpmg Llp,,875000.0,875000.0,630000.0,160000.0,True,,0,0.0,0.0,0.0,0.0,False,0.0,0.0,0.0,0.0,0.0,False,875000.0,875000.0,630000.0,160000.0,True,True,True,True
Tn Ambulance Service Association,,875000.0,667500.0,425000.0,85000.0,True,,0,0.0,0.0,0.0,0.0,False,0.0,0.0,0.0,0.0,0.0,False,875000.0,667500.0,425000.0,85000.0,True,True,True,True
National Heritage Academies,,822500.0,607500.0,442500.0,0.0,True,Individual,0,50000.0,0.0,0.0,0.0,True,0.0,0.0,0.0,0.0,0.0,False,872500.0,607500.0,442500.0,0.0,True,True,True,False
Knoxville Chamber,,872500.0,652500.0,262500.0,20000.0,True,,0,0.0,0.0,0.0,0.0,False,0.0,0.0,0.0,0.0,0.0,False,872500.0,652500.0,262500.0,20000.0,True,True,True,False
"Tn Sheriffs' Assn., Inc.",,872500.0,717500.0,435000.0,122500.0,True,,0,0.0,0.0,0.0,0.0,False,0.0,0.0,0.0,0.0,0.0,False,872500.0,717500.0,435000.0,122500.0,True,True,True,True
America'S Health Insurance Plans,,870000.0,630000.0,385000.0,85000.0,True,,0,0.0,0.0,0.0,0.0,False,0.0,0.0,0.0,0.0,0.0,False,870000.0,630000.0,385000.0,85000.0,True,True,True,True
Next Generation Underwriters,,865000.0,707500.0,305000.0,65000.0,True,,0,0.0,0.0,0.0,0.0,False,0.0,0.0,0.0,0.0,0.0,False,865000.0,707500.0,305000.0,65000.0,True,True,True,True
Progressive Insurance,,862500.0,682500.0,457500.0,45000.0,True,,0,0.0,0.0,0.0,0.0,False,0.0,0.0,0.0,0.0,0.0,False,862500.0,682500.0,457500.0,45000.0,True,True,True,False
Texas Public Policy Foundation,,857500.0,857500.0,442500.0,20000.0,True,,0,0.0,0.0,0.0,0.0,False,0.0,0.0,0.0,0.0,0.0,False,857500.0,857500.0,442500.0,20000.0,True,True,True,False
Valero Energy,,750000.0,510000.0,225000.0,45000.0,True,Company,0,105000.0,73000.0,21500.0,0.0,True,0.0,0.0,0.0,0.0,0.0,False,855000.0,583000.0,246500.0,45000.0,True,True,True,False
Hfr,,850000.0,595000.0,170000.0,0.0,True,,0,0.0,0.0,0.0,0.0,False,0.0,0.0,0.0,0.0,0.0,False,850000.0,595000.0,170000.0,0.0,True,True,True,False
American Association For Homecare,,847500.0,847500.0,677500.0,0.0,True,,0,0.0,0.0,0.0,0.0,False,0.0,0.0,0.0,0.0,0.0,False,847500.0,847500.0,677500.0,0.0,True,True,True,False
Tn Land Title Assn.,,842500.0,650000.0,325000.0,70000.0,True,,0,0.0,0.0,0.0,0.0,False,0.0,0.0,0.0,0.0,0.0,False,842500.0,650000.0,325000.0,70000.0,True,True,True,True
General Motors,,837500.0,657500.0,285000.0,85000.0,True,,0,0.0,0.0,0.0,0.0,False,0.0,0.0,0.0,0.0,0.0,False,837500.0,657500.0,285000.0,85000.0,True,True,True,True
Tn Society Of Professional Engineers,,837500.0,695000.0,337500.0,52500.0,True,,0,0.0,0.0,0.0,0.0,False,0.0,0.0,0.0,0.0,0.0,False,837500.0,695000.0,337500.0,52500.0,True,True,True,True
Johnson And Johnson,,792500.0,447500.0,127500.0,0.0,True,Company,0,42150.0,11500.0,8000.0,0.0,True,0.0,0.0,0.0,0.0,0.0,False,834650.0,459000.0,135500.0,0.0,True,True,True,False
Community Association Institute Tennessee Chapter,,832500.0,657500.0,370000.0,85000.0,True,,0,0.0,0.0,0.0,0.0,False,0.0,0.0,0.0,0.0,0.0,False,832500.0,657500.0,370000.0,85000.0,True,True,True,True
"Bacon Farmer Workman Engineering & Testing, Inc.",,830000.0,675000.0,450000.0,230000.0,True,,0,0.0,0.0,0.0,0.0,False,0.0,0.0,0.0,0.0,0.0,False,830000.0,675000.0,450000.0,230000.0,True,True,True,True
"Wright Brothers Construction Company, Inc.",,830000.0,650000.0,425000.0,85000.0,True,,0,0.0,0.0,0.0,0.0,False,0.0,0.0,0.0,0.0,0.0,False,830000.0,650000.0,425000.0,85000.0,True,True,True,True
Tennessee 811,,827500.0,660000.0,295000.0,20000.0,True,,0,0.0,0.0,0.0,0.0,False,0.0,0.0,0.0,0.0,0.0,False,827500.0,660000.0,295000.0,20000.0,True,True,True,False
"Cgi Technologies & Solutions, Inc.",,820000.0,820000.0,820000.0,20000.0,True,,0,0.0,0.0,0.0,0.0,False,0.0,0.0,0.0,0.0,0.0,False,820000.0,820000.0,820000.0,20000.0,True,True,True,False
Greater Nashville Regional Council,,820000.0,820000.0,405000.0,85000.0,True,,0,0.0,0.0,0.0,0.0,False,0.0,0.0,0.0,0.0,0.0,False,820000.0,820000.0,405000.0,85000.0,True,True,True,True
"T-Mobile Usa, Inc.",,810000.0,570000.0,265000.0,65000.0,True,Company,0,6426.08,0.0,0.0,0.0,True,0.0,0.0,0.0,0.0,0.0,False,816426.08,570000.0,265000.0,65000.0,True,True,True,True
"Aramark Correctional Services, Llc",,815000.0,650000.0,365000.0,85000.0,True,,0,0.0,0.0,0.0,0.0,False,0.0,0.0,0.0,0.0,0.0,False,815000.0,650000.0,365000.0,85000.0,True,True,True,True
Consumer Data Industry Association,,810000.0,527500.0,225000.0,45000.0,True,,0,0.0,0.0,0.0,0.0,False,0.0,0.0,0.0,0.0,0.0,False,810000.0,527500.0,225000.0,45000.0,True,True,True,False
St. Jude Children'S Research Hospital,,810000.0,590000.0,325000.0,85000.0,True,,0,0.0,0.0,0.0,0.0,False,0.0,0.0,0.0,0.0,0.0,False,810000.0,590000.0,325000.0,85000.0,True,True,True,True
Tennessee State Trooper Association,,807500.0,807500.0,425000.0,85000.0,True,,0,0.0,0.0,0.0,0.0,False,0.0,0.0,0.0,0.0,0.0,False,807500.0,807500.0,425000.0,85000.0,True,True,True,True
Dish Network,,800000.0,657500.0,305000.0,45000.0,True,,0,0.0,0.0,0.0,0.0,False,0.0,0.0,0.0,0.0,0.0,False,800000.0,657500.0,305000.0,45000.0,True,True,True,False
Thompson Engineering,,797500.0,620000.0,232500.0,32500.0,True,,0,0.0,0.0,0.0,0.0,False,0.0,0.0,0.0,0.0,0.0,False,797500.0,620000.0,232500.0,32500.0,True,True,True,False
Tn Veterinary Medical Assn.,,797500.0,617500.0,385000.0,85000.0,True,,0,0.0,0.0,0.0,0.0,False,0.0,0.0,0.0,0.0,0.0,False,797500.0,617500.0,385000.0,85000.0,True,True,True,True
Tennessee Municipal Bond Fund,,787500.0,787500.0,505000.0,52500.0,True,,0,0.0,0.0,0.0,0.0,False,0.0,0.0,0.0,0.0,0.0,False,787500.0,787500.0,505000.0,52500.0,True,True,True,True
Vertex Pharmaceuticals Incorporated,,782500.0,697500.0,305000.0,65000.0,True,,0,0.0,0.0,0.0,0.0,False,0.0,0.0,0.0,0.0,0.0,False,782500.0,697500.0,305000.0,65000.0,True,True,True,True
Taadas,,777500.0,610000.0,325000.0,65000.0,True,,0,0.0,0.0,0.0,0.0,False,0.0,0.0,0.0,0.0,0.0,False,777500.0,610000.0,325000.0,65000.0,True,True,True,True
"Wilson & Associates, Engineering",,770000.0,450000.0,225000.0,45000.0,True,Company,0,2750.0,2500.0,2500.0,0.0,True,0.0,0.0,0.0,0.0,0.0,False,772750.0,452500.0,227500.0,45000.0,True,True,True,False
Lyft Inc.,,772500.0,687500.0,150000.0,45000.0,True,,0,0.0,0.0,0.0,0.0,False,0.0,0.0,0.0,0.0,0.0,False,772500.0,687500.0,150000.0,45000.0,True,True,True,False
Tennessee Alliance For Legal Services,,770000.0,205000.0,105000.0,0.0,True,,0,0.0,0.0,0.0,0.0,False,0.0,0.0,0.0,0.0,0.0,False,770000.0,205000.0,105000.0,0.0,True,False,True,False
Nashville Area Chamber Of Commerce,,767500.0,532500.0,395000.0,135000.0,True,,0,0.0,0.0,0.0,0.0,False,0.0,0.0,0.0,0.0,0.0,False,767500.0,532500.0,395000.0,135000.0,True,True,True,True
Southwest Airlines Co.,,765000.0,765000.0,372500.0,65000.0,True,,0,0.0,0.0,0.0,0.0,False,0.0,0.0,0.0,0.0,0.0,False,765000.0,765000.0,372500.0,65000.0,True,True,True,True
Ernst & Young Llp,,765000.0,765000.0,425000.0,85000.0,True,,0,0.0,0.0,0.0,0.0,False,0.0,0.0,0.0,0.0,0.0,False,765000.0,765000.0,425000.0,85000.0,True,True,True,True
Pharmaceutical Care Management Association,,742500.0,742500.0,657500.0,210000.0,True,Company,0,20000.0,20000.0,20000.0,0.0,True,0.0,0.0,0.0,0.0,0.0,False,762500.0,762500.0,677500.0,210000.0,True,True,True,True
Tax Management Associates,,762500.0,462500.0,77500.0,0.0,True,,0,0.0,0.0,0.0,0.0,False,0.0,0.0,0.0,0.0,0.0,False,762500.0,462500.0,77500.0,0.0,True,True,False,False
Tennessee Marina Association,,760000.0,715000.0,425000.0,85000.0,True,,0,0.0,0.0,0.0,0.0,False,0.0,0.0,0.0,0.0,0.0,False,760000.0,715000.0,425000.0,85000.0,True,True,True,True
"Jones Bros. Contractors, Llc",,757500.0,757500.0,500000.0,160000.0,True,,0,0.0,0.0,0.0,0.0,False,0.0,0.0,0.0,0.0,0.0,False,757500.0,757500.0,500000.0,160000.0,True,True,True,True
Appalachian Underwriters,,757500.0,627500.0,222500.0,0.0,True,,0,0.0,0.0,0.0,0.0,False,0.0,0.0,0.0,0.0,0.0,False,757500.0,627500.0,222500.0,0.0,True,True,True,False
Helena Agri-Enterprises,,757500.0,757500.0,405000.0,85000.0,True,,0,0.0,0.0,0.0,0.0,False,0.0,0.0,0.0,0.0,0.0,False,757500.0,757500.0,405000.0,85000.0,True,True,True,True
Tennessee Psychological Association,,757500.0,570000.0,325000.0,65000.0,True,,0,0.0,0.0,0.0,0.0,False,0.0,0.0,0.0,0.0,0.0,False,757500.0,570000.0,325000.0,65000.0,True,True,True,True
Wgu Tennessee,,747500.0,747500.0,500000.0,160000.0,True,,0,0.0,0.0,0.0,0.0,False,0.0,0.0,0.0,0.0,0.0,False,747500.0,747500.0,500000.0,160000.0,True,True,True,True
Davita Inc.,,742500.0,742500.0,360000.0,85000.0,True,,0,0.0,0.0,0.0,0.0,False,0.0,0.0,0.0,0.0,0.0,False,742500.0,742500.0,360000.0,85000.0,True,True,True,True
Tn Community Organizations (Tnco),,740000.0,527500.0,257500.0,65000.0,True,,0,0.0,0.0,0.0,0.0,False,0.0,0.0,0.0,0.0,0.0,False,740000.0,527500.0,257500.0,65000.0,True,True,True,True
Sazerac Company,,740000.0,740000.0,425000.0,85000.0,True,,0,0.0,0.0,0.0,0.0,False,0.0,0.0,0.0,0.0,0.0,False,740000.0,740000.0,425000.0,85000.0,True,True,True,True
Save The Children,,735000.0,535000.0,265000.0,65000.0,True,,0,0.0,0.0,0.0,0.0,False,0.0,0.0,0.0,0.0,0.0,False,735000.0,535000.0,265000.0,65000.0,True,True,True,True
Colonial Pipeline,,735000.0,670000.0,325000.0,65000.0,True,,0,0.0,0.0,0.0,0.0,False,0.0,0.0,0.0,0.0,0.0,False,735000.0,670000.0,325000.0,65000.0,True,True,True,True
"Tennessee Funeral Directors Association, Inc.",,732500.0,550000.0,317500.0,45000.0,True,,0,0.0,0.0,0.0,0.0,False,0.0,0.0,0.0,0.0,0.0,False,732500.0,550000.0,317500.0,45000.0,True,True,True,False
Atmos Energy,,730000.0,607500.0,405000.0,85000.0,True,,0,0.0,0.0,0.0,0.0,False,0.0,0.0,0.0,0.0,0.0,False,730000.0,607500.0,405000.0,85000.0,True,True,True,True
Air Methods Corporation,,710000.0,710000.0,475000.0,85000.0,True,Company,0,3000.0,3000.0,3000.0,0.0,True,0.0,0.0,0.0,0.0,0.0,False,713000.0,713000.0,478000.0,85000.0,True,True,True,True
Act. Inc,,712500.0,570000.0,237500.0,0.0,True,,0,0.0,0.0,0.0,0.0,False,0.0,0.0,0.0,0.0,0.0,False,712500.0,570000.0,237500.0,0.0,True,True,True,False
"Ingram Industries, Inc.",,710000.0,530000.0,305000.0,85000.0,True,,0,0.0,0.0,0.0,0.0,False,0.0,0.0,0.0,0.0,0.0,False,710000.0,530000.0,305000.0,85000.0,True,True,True,True
Tn Short Line Rr Alliance,,710000.0,510000.0,265000.0,45000.0,True,,0,0.0,0.0,0.0,0.0,False,0.0,0.0,0.0,0.0,0.0,False,710000.0,510000.0,265000.0,45000.0,True,True,True,False
Novo Nordisk,,705000.0,675000.0,325000.0,65000.0,True,,0,0.0,0.0,0.0,0.0,False,0.0,0.0,0.0,0.0,0.0,False,705000.0,675000.0,325000.0,65000.0,True,True,True,True
Avaya,,705000.0,485000.0,0.0,0.0,True,,0,0.0,0.0,0.0,0.0,False,0.0,0.0,0.0,0.0,0.0,False,705000.0,485000.0,0.0,0.0,True,True,False,False
Edgenuity,,702500.0,490000.0,65000.0,0.0,True,,0,0.0,0.0,0.0,0.0,False,0.0,0.0,0.0,0.0,0.0,False,702500.0,490000.0,65000.0,0.0,True,True,False,False
Tennessee Wildlife Federation,,700000.0,607500.0,340000.0,32500.0,True,,0,0.0,0.0,0.0,0.0,False,0.0,0.0,0.0,0.0,0.0,False,700000.0,607500.0,340000.0,32500.0,True,True,True,False
Juul,,700000.0,700000.0,412500.0,85000.0,True,,0,0.0,0.0,0.0,0.0,False,0.0,0.0,0.0,0.0,0.0,False,700000.0,700000.0,412500.0,85000.0,True,True,True,True
Nashville Predators,,697500.0,697500.0,510000.0,122500.0,True,,0,0.0,0.0,0.0,0.0,False,0.0,0.0,0.0,0.0,0.0,False,697500.0,697500.0,510000.0,122500.0,True,True,True,True
Distilled Spirits Council Of The U.S.,,695000.0,515000.0,212500.0,0.0,True,,0,0.0,0.0,0.0,0.0,False,0.0,0.0,0.0,0.0,0.0,False,695000.0,515000.0,212500.0,0.0,True,True,True,False
Memphis Grizzlies And Fedex Forum,,695000.0,570000.0,327500.0,117500.0,True,,0,0.0,0.0,0.0,0.0,False,0.0,0.0,0.0,0.0,0.0,False,695000.0,570000.0,327500.0,117500.0,True,True,True,True
Tn Scrap Recyclers Assn.,,690000.0,490000.0,265000.0,45000.0,True,,0,0.0,0.0,0.0,0.0,False,0.0,0.0,0.0,0.0,0.0,False,690000.0,490000.0,265000.0,45000.0,True,True,True,False
Lehman-Roberts Company,,687500.0,470000.0,245000.0,45000.0,True,,0,0.0,0.0,0.0,0.0,False,0.0,0.0,0.0,0.0,0.0,False,687500.0,470000.0,245000.0,45000.0,True,True,True,False
"Elvis Presley Enterprises, Inc.",,685000.0,550000.0,310000.0,20000.0,True,,0,0.0,0.0,0.0,0.0,False,0.0,0.0,0.0,0.0,0.0,False,685000.0,550000.0,310000.0,20000.0,True,True,True,False
Tennessee Prospers,,685000.0,685000.0,685000.0,45000.0,True,,0,0.0,0.0,0.0,0.0,False,0.0,0.0,0.0,0.0,0.0,False,685000.0,685000.0,685000.0,45000.0,True,True,True,False
Appriss Insights,,682500.0,197500.0,87500.0,0.0,True,,0,0.0,0.0,0.0,0.0,False,0.0,0.0,0.0,0.0,0.0,False,682500.0,197500.0,87500.0,0.0,True,False,False,False
Tennesseans For The Arts,,682500.0,470000.0,245000.0,65000.0,True,,0,0.0,0.0,0.0,0.0,False,0.0,0.0,0.0,0.0,0.0,False,682500.0,470000.0,245000.0,65000.0,True,True,True,True
Tn Equality Project,,680000.0,512500.0,275000.0,70000.0,True,,0,0.0,0.0,0.0,0.0,False,0.0,0.0,0.0,0.0,0.0,False,680000.0,512500.0,275000.0,70000.0,True,True,True,True
Aep/Kingsport Power,,680000.0,500000.0,275000.0,85000.0,True,,0,0.0,0.0,0.0,0.0,False,0.0,0.0,0.0,0.0,0.0,False,680000.0,500000.0,275000.0,85000.0,True,True,True,True
Tennessee Electronic Security Assn,,680000.0,340000.0,0.0,0.0,True,,0,0.0,0.0,0.0,0.0,False,0.0,0.0,0.0,0.0,0.0,False,680000.0,340000.0,0.0,0.0,True,True,False,False
Bayer Corporation,,677500.0,495000.0,215000.0,122500.0,True,,0,0.0,0.0,0.0,0.0,False,0.0,0.0,0.0,0.0,0.0,False,677500.0,495000.0,215000.0,122500.0,True,True,True,True
Air Evac Lifeteam,,677500.0,357500.0,0.0,0.0,True,,0,0.0,0.0,0.0,0.0,False,0.0,0.0,0.0,0.0,0.0,False,677500.0,357500.0,0.0,0.0,True,True,False,False
Visa,,677500.0,477500.0,245000.0,45000.0,True,,0,0.0,0.0,0.0,0.0,False,0.0,0.0,0.0,0.0,0.0,False,677500.0,477500.0,245000.0,45000.0,True,True,True,False
Tn Assn. Of Human Resource Agencies,,675000.0,530000.0,317500.0,97500.0,True,,0,0.0,0.0,0.0,0.0,False,0.0,0.0,0.0,0.0,0.0,False,675000.0,530000.0,317500.0,97500.0,True,True,True,True
Meramec Specialty Company,,670000.0,460000.0,197500.0,52500.0,True,,0,0.0,0.0,0.0,0.0,False,0.0,4400.0,0.0,0.0,0.0,True,674400.0,460000.0,197500.0,52500.0,True,True,True,True
The Nature Conservancy,,672500.0,477500.0,262500.0,57500.0,True,,0,0.0,0.0,0.0,0.0,False,0.0,0.0,0.0,0.0,0.0,False,672500.0,477500.0,262500.0,57500.0,True,True,True,True
"Nashville Zoo, Inc.",,672500.0,652500.0,587500.0,210000.0,True,,0,0.0,0.0,0.0,0.0,False,0.0,0.0,0.0,0.0,0.0,False,672500.0,652500.0,587500.0,210000.0,True,True,True,True
"Twin K Construction, Inc.",,667500.0,667500.0,667500.0,122500.0,True,Company,0,5000.0,5000.0,0.0,0.0,True,0.0,0.0,0.0,0.0,0.0,False,672500.0,672500.0,667500.0,122500.0,True,True,True,True
Dell,,670000.0,637500.0,212500.0,0.0,True,,0,0.0,0.0,0.0,0.0,False,0.0,0.0,0.0,0.0,0.0,False,670000.0,637500.0,212500.0,0.0,True,True,True,False
Plumbers & Pipefitters Union,,220000.0,20000.0,0.0,0.0,True,Company,0,449875.0,92575.0,11250.0,0.0,True,0.0,0.0,0.0,0.0,0.0,False,669875.0,112575.0,11250.0,0.0,True,False,False,False
3M Company,,657500.0,450000.0,225000.0,45000.0,True,,0,0.0,0.0,0.0,0.0,False,0.0,0.0,0.0,0.0,0.0,False,657500.0,450000.0,225000.0,45000.0,True,True,True,False
Tn Alliance Of Boys & Girls Clubs,,657500.0,477500.0,212500.0,45000.0,True,,0,0.0,0.0,0.0,0.0,False,0.0,0.0,0.0,0.0,0.0,False,657500.0,477500.0,212500.0,45000.0,True,True,True,False
Healthy Tennessee Economy,,657500.0,122500.0,0.0,0.0,True,,0,0.0,0.0,0.0,0.0,False,0.0,0.0,0.0,0.0,0.0,False,657500.0,122500.0,0.0,0.0,True,False,False,False
Tennessee General Sessions Judges Conference,,655000.0,455000.0,325000.0,45000.0,True,,0,0.0,0.0,0.0,0.0,False,0.0,0.0,0.0,0.0,0.0,False,655000.0,455000.0,325000.0,45000.0,True,True,True,False
"Securus Technologies, Inc.",,652500.0,652500.0,365000.0,45000.0,True,,0,0.0,0.0,0.0,0.0,False,0.0,0.0,0.0,0.0,0.0,False,652500.0,652500.0,365000.0,45000.0,True,True,True,False
Naiop,,652500.0,560000.0,560000.0,160000.0,True,,0,0.0,0.0,0.0,0.0,False,0.0,0.0,0.0,0.0,0.0,False,652500.0,560000.0,560000.0,160000.0,True,True,True,True
Microsoft Corporation,,645000.0,447500.0,225000.0,45000.0,True,Company,0,7500.0,7500.0,0.0,0.0,True,0.0,0.0,0.0,0.0,0.0,False,652500.0,455000.0,225000.0,45000.0,True,True,True,False
Tennessee Academy Of Ophthalmology,,650000.0,390000.0,212500.0,85000.0,True,,0,0.0,0.0,0.0,0.0,False,0.0,0.0,0.0,0.0,0.0,False,650000.0,390000.0,212500.0,85000.0,True,True,True,True
Tn Assn. Of Mental Health Organizations,,650000.0,450000.0,225000.0,45000.0,True,,0,0.0,0.0,0.0,0.0,False,0.0,0.0,0.0,0.0,0.0,False,650000.0,450000.0,225000.0,45000.0,True,True,True,False
Tn Assn. Of Air Carrier Airports,,650000.0,450000.0,225000.0,45000.0,True,,0,0.0,0.0,0.0,0.0,False,0.0,0.0,0.0,0.0,0.0,False,650000.0,450000.0,225000.0,45000.0,True,True,True,False
"Phillips And Jordan, Inc",,642500.0,642500.0,642500.0,42500.0,True,Company,0,5000.0,5000.0,5000.0,0.0,True,0.0,0.0,0.0,0.0,0.0,False,647500.0,647500.0,647500.0,42500.0,True,True,True,False
Mckesson Corporation,,647500.0,605000.0,392500.0,85000.0,True,,0,0.0,0.0,0.0,0.0,False,0.0,0.0,0.0,0.0,0.0,False,647500.0,605000.0,392500.0,85000.0,True,True,True,True
Allstate Insurance Co.,,647500.0,427500.0,162500.0,20000.0,True,,0,0.0,0.0,0.0,0.0,False,0.0,0.0,0.0,0.0,0.0,False,647500.0,427500.0,162500.0,20000.0,True,True,True,False
Choctaw Resort Development Enterprise,,647500.0,647500.0,647500.0,160000.0,True,,0,0.0,0.0,0.0,0.0,False,0.0,0.0,0.0,0.0,0.0,False,647500.0,647500.0,647500.0,160000.0,True,True,True,True
Communities In Schools Of Tennessee,,645000.0,527500.0,345000.0,65000.0,True,,0,0.0,0.0,0.0,0.0,False,0.0,0.0,0.0,0.0,0.0,False,645000.0,527500.0,345000.0,65000.0,True,True,True,True
Tn Professional Fire Fighters Assn.,,642500.0,462500.0,237500.0,57500.0,True,,0,0.0,0.0,0.0,0.0,False,0.0,0.0,0.0,0.0,0.0,False,642500.0,462500.0,237500.0,57500.0,True,True,True,True
Tennessee Ambulatory Surgery Center Association,,642500.0,530000.0,305000.0,85000.0,True,,0,0.0,0.0,0.0,0.0,False,0.0,0.0,0.0,0.0,0.0,False,642500.0,530000.0,305000.0,85000.0,True,True,True,True
Tellico Village,,642500.0,642500.0,385000.0,45000.0,True,,0,0.0,0.0,0.0,0.0,False,0.0,0.0,0.0,0.0,0.0,False,642500.0,642500.0,385000.0,45000.0,True,True,True,False
"American Academy Of Pediatrics, Tn Chapter",,642500.0,512500.0,305000.0,45000.0,True,,0,0.0,0.0,0.0,0.0,False,0.0,0.0,0.0,0.0,0.0,False,642500.0,512500.0,305000.0,45000.0,True,True,True,False
D&S Residential Services Lp,,640000.0,495000.0,0.0,0.0,True,,0,0.0,0.0,0.0,0.0,False,0.0,0.0,0.0,0.0,0.0,False,640000.0,495000.0,0.0,0.0,True,True,False,False
International Business Machines Corporation (Ibm),,640000.0,550000.0,517500.0,90000.0,True,,0,0.0,0.0,0.0,0.0,False,0.0,0.0,0.0,0.0,0.0,False,640000.0,550000.0,517500.0,90000.0,True,True,True,True
Centurylink,,640000.0,497500.0,40000.0,0.0,True,,0,0.0,0.0,0.0,0.0,False,0.0,0.0,0.0,0.0,0.0,False,640000.0,497500.0,40000.0,0.0,True,True,False,False
Greater Memphis Chamber,,640000.0,620000.0,425000.0,85000.0,True,,0,0.0,0.0,0.0,0.0,False,0.0,0.0,0.0,0.0,0.0,False,640000.0,620000.0,425000.0,85000.0,True,True,True,True
Tn Orthopaedic Society,,637500.0,457500.0,245000.0,45000.0,True,,0,0.0,0.0,0.0,0.0,False,0.0,0.0,0.0,0.0,0.0,False,637500.0,457500.0,245000.0,45000.0,True,True,True,False
Yes. Every Kid.,,637500.0,637500.0,637500.0,205000.0,True,,0,0.0,0.0,0.0,0.0,False,0.0,0.0,0.0,0.0,0.0,False,637500.0,637500.0,637500.0,205000.0,True,True,True,True
Kinder Morgan,,637500.0,572500.0,262500.0,102500.0,True,,0,0.0,0.0,0.0,0.0,False,0.0,0.0,0.0,0.0,0.0,False,637500.0,572500.0,262500.0,102500.0,True,True,True,True
"Boehringer Ingelheim Pharmaceuticals, Inc.",,637500.0,567500.0,402500.0,85000.0,True,,0,0.0,0.0,0.0,0.0,False,0.0,0.0,0.0,0.0,0.0,False,637500.0,567500.0,402500.0,85000.0,True,True,True,True
National Rifle Association Of America,,635000.0,477500.0,267500.0,65000.0,True,,0,0.0,0.0,0.0,0.0,False,0.0,0.0,0.0,0.0,0.0,False,635000.0,477500.0,267500.0,65000.0,True,True,True,True
Tn Assn. For Home Care,,630000.0,450000.0,225000.0,45000.0,True,,0,0.0,0.0,0.0,0.0,False,0.0,0.0,0.0,0.0,0.0,False,630000.0,450000.0,225000.0,45000.0,True,True,True,False
"Nasw, Tennessee Chapter",,630000.0,450000.0,225000.0,32500.0,True,,0,0.0,0.0,0.0,0.0,False,0.0,0.0,0.0,0.0,0.0,False,630000.0,450000.0,225000.0,32500.0,True,True,True,False
"Lincoln Paving, Llc",,630000.0,450000.0,225000.0,45000.0,True,,0,0.0,0.0,0.0,0.0,False,0.0,0.0,0.0,0.0,0.0,False,630000.0,450000.0,225000.0,45000.0,True,True,True,False
Aflac,,630000.0,450000.0,225000.0,45000.0,True,,0,0.0,0.0,0.0,0.0,False,0.0,0.0,0.0,0.0,0.0,False,630000.0,450000.0,225000.0,45000.0,True,True,True,False
International Paper,,630000.0,450000.0,225000.0,45000.0,True,,0,0.0,0.0,0.0,0.0,False,0.0,0.0,0.0,0.0,0.0,False,630000.0,450000.0,225000.0,45000.0,True,True,True,False
Forward Sumner Economic Partnership,,630000.0,450000.0,225000.0,45000.0,True,,0,0.0,0.0,0.0,0.0,False,0.0,0.0,0.0,0.0,0.0,False,630000.0,450000.0,225000.0,45000.0,True,True,True,False
Ford Construction Company,,630000.0,450000.0,225000.0,45000.0,True,,0,0.0,0.0,0.0,0.0,False,0.0,0.0,0.0,0.0,0.0,False,630000.0,450000.0,225000.0,45000.0,True,True,True,False
Ace American Insurance Company,,630000.0,450000.0,225000.0,45000.0,True,,0,0.0,0.0,0.0,0.0,False,0.0,0.0,0.0,0.0,0.0,False,630000.0,450000.0,225000.0,45000.0,True,True,True,False
Tennessee Podiatric Medical Association,,620000.0,452500.0,212500.0,45000.0,True,,0,0.0,0.0,0.0,0.0,False,0.0,0.0,0.0,0.0,0.0,False,620000.0,452500.0,212500.0,45000.0,True,True,True,False
"Affordable Equity Partners, Inc.",,612500.0,612500.0,612500.0,90000.0,True,Company,0,5000.0,5000.0,5000.0,0.0,True,0.0,0.0,0.0,0.0,0.0,False,617500.0,617500.0,617500.0,90000.0,True,True,True,True
Science Alliance Of Tn,,617500.0,437500.0,212500.0,45000.0,True,,0,0.0,0.0,0.0,0.0,False,0.0,0.0,0.0,0.0,0.0,False,617500.0,437500.0,212500.0,45000.0,True,True,True,False
Tennessee Trial Judges Association,,615000.0,465000.0,212500.0,45000.0,True,,0,0.0,0.0,0.0,0.0,False,0.0,0.0,0.0,0.0,0.0,False,615000.0,465000.0,212500.0,45000.0,True,True,True,False
Bell & Associates Construction,,615000.0,615000.0,560000.0,160000.0,True,,0,0.0,0.0,0.0,0.0,False,0.0,0.0,0.0,0.0,0.0,False,615000.0,615000.0,560000.0,160000.0,True,True,True,True
Tn Assn. Of Professional Surveyors,,612500.0,470000.0,225000.0,45000.0,True,,0,0.0,0.0,0.0,0.0,False,0.0,0.0,0.0,0.0,0.0,False,612500.0,470000.0,225000.0,45000.0,True,True,True,False
Nationwide General Insurance Company,,612500.0,470000.0,205000.0,42500.0,True,,0,0.0,0.0,0.0,0.0,False,0.0,0.0,0.0,0.0,0.0,False,612500.0,470000.0,205000.0,42500.0,True,True,True,False
Deere & Company,,612500.0,412500.0,225000.0,45000.0,True,,0,0.0,0.0,0.0,0.0,False,0.0,0.0,0.0,0.0,0.0,False,612500.0,412500.0,225000.0,45000.0,True,True,True,False
Americans United For Separation Of Church And State,,610000.0,250000.0,80000.0,0.0,True,,0,0.0,0.0,0.0,0.0,False,0.0,0.0,0.0,0.0,0.0,False,610000.0,250000.0,80000.0,0.0,True,True,False,False
Schroder Investment Management North America Inc,,610000.0,570000.0,470000.0,20000.0,True,,0,0.0,0.0,0.0,0.0,False,0.0,0.0,0.0,0.0,0.0,False,610000.0,570000.0,470000.0,20000.0,True,True,True,False
Tennessee Farm Winegrowers Alliance,,610000.0,440000.0,215000.0,20000.0,True,,0,0.0,0.0,0.0,0.0,False,0.0,0.0,0.0,0.0,0.0,False,610000.0,440000.0,215000.0,20000.0,True,True,True,False
Dci Donor Services Dba Tn Donor Services,,610000.0,570000.0,317500.0,65000.0,True,,0,0.0,0.0,0.0,0.0,False,0.0,0.0,0.0,0.0,0.0,False,610000.0,570000.0,317500.0,65000.0,True,True,True,True
Entertainment Software Association,,595000.0,465000.0,262500.0,52500.0,True,Company,0,14500.0,14500.0,11000.0,4000.0,True,0.0,0.0,0.0,0.0,0.0,False,609500.0,479500.0,273500.0,56500.0,True,True,True,True
"American Traffic Solutions, Inc.",,607500.0,427500.0,182500.0,0.0,True,Company,0,1000.0,1000.0,0.0,0.0,True,0.0,0.0,0.0,0.0,0.0,False,608500.0,428500.0,182500.0,0.0,True,True,True,False
The Daily News Publishing Co.,,607500.0,380000.0,200000.0,0.0,True,,0,0.0,0.0,0.0,0.0,False,0.0,0.0,0.0,0.0,0.0,False,607500.0,380000.0,200000.0,0.0,True,True,True,False
"Tennessee Carriers, Inc.",,605000.0,437500.0,212500.0,32500.0,True,,0,0.0,0.0,0.0,0.0,False,0.0,0.0,0.0,0.0,0.0,False,605000.0,437500.0,212500.0,32500.0,True,True,True,False
Jones Lang Lasalle Americas Inc.,,605000.0,442500.0,0.0,0.0,True,,0,0.0,0.0,0.0,0.0,False,0.0,0.0,0.0,0.0,0.0,False,605000.0,442500.0,0.0,0.0,True,True,False,False
Tn Eagle Forum,,605000.0,425000.0,212500.0,57500.0,True,,0,0.0,0.0,0.0,0.0,False,0.0,0.0,0.0,0.0,0.0,False,605000.0,425000.0,212500.0,57500.0,True,True,True,True
Philips North America,,602500.0,602500.0,437500.0,85000.0,True,,0,0.0,0.0,0.0,0.0,False,0.0,0.0,0.0,0.0,0.0,False,602500.0,602500.0,437500.0,85000.0,True,True,True,True
Middle Tennessee Electric,,602500.0,602500.0,602500.0,160000.0,True,,0,0.0,0.0,0.0,0.0,False,0.0,0.0,0.0,0.0,0.0,False,602500.0,602500.0,602500.0,160000.0,True,True,True,True
Intralot Usa,,602500.0,510000.0,227500.0,0.0,True,,0,0.0,0.0,0.0,0.0,False,0.0,0.0,0.0,0.0,0.0,False,602500.0,510000.0,227500.0,0.0,True,True,True,False
Tn Right To Life,,600000.0,520000.0,220000.0,20000.0,True,,0,0.0,0.0,0.0,0.0,False,0.0,0.0,0.0,0.0,0.0,False,600000.0,520000.0,220000.0,20000.0,True,True,True,False
Tn Chapter Of The American Planning Assn.,,600000.0,520000.0,100000.0,20000.0,True,,0,0.0,0.0,0.0,0.0,False,0.0,0.0,0.0,0.0,0.0,False,600000.0,520000.0,100000.0,20000.0,True,True,True,False
"Southern Glazer'S Wine And Spirits, Llc",,597500.0,597500.0,195000.0,0.0,True,,0,0.0,0.0,0.0,0.0,False,0.0,0.0,0.0,0.0,0.0,False,597500.0,597500.0,195000.0,0.0,True,True,True,False
Target Corporation,,587500.0,547500.0,265000.0,0.0,True,Company,0,5000.0,2500.0,0.0,0.0,True,0.0,0.0,0.0,0.0,0.0,False,592500.0,550000.0,265000.0,0.0,True,True,True,False
Pro Bobby Harshbarger Pac,,0.0,0.0,0.0,0.0,False,,0,0.0,0.0,0.0,0.0,False,0.0,591201.96,591201.96,591201.96,0.0,True,591201.96,591201.96,591201.96,0.0,True,True,True,False
Rocketship Education,,590000.0,420000.0,165000.0,65000.0,True,,0,0.0,0.0,0.0,0.0,False,0.0,0.0,0.0,0.0,0.0,False,590000.0,420000.0,165000.0,65000.0,True,True,True,True
"Wilson, Justin & Barbara",,0.0,0.0,0.0,0.0,False,Individual,0,585000.0,375000.0,145000.0,30000.0,True,0.0,0.0,0.0,0.0,0.0,False,585000.0,375000.0,145000.0,30000.0,True,True,True,False
Walmart,,582500.0,582500.0,345000.0,65000.0,True,,0,0.0,0.0,0.0,0.0,False,0.0,0.0,0.0,0.0,0.0,False,582500.0,582500.0,345000.0,65000.0,True,True,True,True
Mednax Health Solutions Partner,,582500.0,462500.0,137500.0,0.0,True,,0,0.0,0.0,0.0,0.0,False,0.0,0.0,0.0,0.0,0.0,False,582500.0,462500.0,137500.0,0.0,True,True,True,False
Republican Governor'S Association,,0.0,0.0,0.0,0.0,False,,0,0.0,0.0,0.0,0.0,False,0.0,580500.0,580500.0,0.0,0.0,True,580500.0,580500.0,0.0,0.0,True,True,False,False
Tennessee Self-Insurers Association,,580000.0,490000.0,225000.0,45000.0,True,,0,0.0,0.0,0.0,0.0,False,0.0,0.0,0.0,0.0,0.0,False,580000.0,490000.0,225000.0,45000.0,True,True,True,False
Tennessee Gas Association,,580000.0,375000.0,225000.0,45000.0,True,,0,0.0,0.0,0.0,0.0,False,0.0,0.0,0.0,0.0,0.0,False,580000.0,375000.0,225000.0,45000.0,True,True,True,False
Tennessee Propane Gas Association,,580000.0,400000.0,175000.0,32500.0,True,,0,0.0,0.0,0.0,0.0,False,0.0,0.0,0.0,0.0,0.0,False,580000.0,400000.0,175000.0,32500.0,True,True,True,False
Indivior Inc,,580000.0,492500.0,212500.0,32500.0,True,,0,0.0,0.0,0.0,0.0,False,0.0,0.0,0.0,0.0,0.0,False,580000.0,492500.0,212500.0,32500.0,True,True,True,False
Tennessee Growers Coalition,,577500.0,577500.0,422500.0,122500.0,True,,0,0.0,0.0,0.0,0.0,False,0.0,500.0,500.0,500.0,0.0,True,578000.0,578000.0,423000.0,122500.0,True,True,True,True
"Axon Enterprise, Inc.",,577500.0,577500.0,322500.0,45000.0,True,,0,0.0,0.0,0.0,0.0,False,0.0,0.0,0.0,0.0,0.0,False,577500.0,577500.0,322500.0,45000.0,True,True,True,False
University Of Memphis Foundation,,577500.0,555000.0,0.0,0.0,True,,0,0.0,0.0,0.0,0.0,False,0.0,0.0,0.0,0.0,0.0,False,577500.0,555000.0,0.0,0.0,True,True,False,False
Bristol-Myers Squibb Co.,,575000.0,495000.0,382500.0,32500.0,True,,0,0.0,0.0,0.0,0.0,False,0.0,0.0,0.0,0.0,0.0,False,575000.0,495000.0,382500.0,32500.0,True,True,True,False
Voices For Safer Tennessee,,575000.0,575000.0,575000.0,160000.0,True,,0,0.0,0.0,0.0,0.0,False,0.0,0.0,0.0,0.0,0.0,False,575000.0,575000.0,575000.0,160000.0,True,True,True,True
Abbvie Inc.,,572500.0,550000.0,32500.0,32500.0,True,,0,0.0,0.0,0.0,0.0,False,0.0,0.0,0.0,0.0,0.0,False,572500.0,550000.0,32500.0,32500.0,True,True,False,False
Cognia,,572500.0,572500.0,572500.0,85000.0,True,,0,0.0,0.0,0.0,0.0,False,0.0,0.0,0.0,0.0,0.0,False,572500.0,572500.0,572500.0,85000.0,True,True,True,True
Tennessee Association Of Community Action,,572500.0,210000.0,72500.0,0.0,True,,0,0.0,0.0,0.0,0.0,False,0.0,0.0,0.0,0.0,0.0,False,572500.0,210000.0,72500.0,0.0,True,False,False,False
Sanofi-Aventis,,570000.0,445000.0,280000.0,85000.0,True,,0,0.0,0.0,0.0,0.0,False,0.0,0.0,0.0,0.0,0.0,False,570000.0,445000.0,280000.0,85000.0,True,True,True,True
Southern College Of Optometry,,570000.0,570000.0,385000.0,85000.0,True,,0,0.0,0.0,0.0,0.0,False,0.0,0.0,0.0,0.0,0.0,False,570000.0,570000.0,385000.0,85000.0,True,True,True,True
Tennessee Lobbyists Association,,567500.0,437500.0,225000.0,45000.0,True,,0,0.0,0.0,0.0,0.0,False,0.0,0.0,0.0,0.0,0.0,False,567500.0,437500.0,225000.0,45000.0,True,True,True,False
Tn College Of Emergency Physicians,,567500.0,412500.0,200000.0,32500.0,True,,0,0.0,0.0,0.0,0.0,False,0.0,0.0,0.0,0.0,0.0,False,567500.0,412500.0,200000.0,32500.0,True,True,True,False
"Draftkings, Inc.",,567500.0,545000.0,45000.0,0.0,True,,0,0.0,0.0,0.0,0.0,False,0.0,0.0,0.0,0.0,0.0,False,567500.0,545000.0,45000.0,0.0,True,True,False,False
"The Proton Therapy Center, Llc",,562500.0,357500.0,0.0,0.0,True,,0,0.0,0.0,0.0,0.0,False,0.0,0.0,0.0,0.0,0.0,False,562500.0,357500.0,0.0,0.0,True,True,False,False
Tn Chapter Of The American Society Of Landscape Architects,,562500.0,482500.0,382500.0,290000.0,True,,0,0.0,0.0,0.0,0.0,False,0.0,0.0,0.0,0.0,0.0,False,562500.0,482500.0,382500.0,290000.0,True,True,True,True
Stand For Children,,187500.0,0.0,0.0,0.0,True,Company,0,74002.0,36739.0,0.0,0.0,True,0.0,299146.3,299146.3,3497.51,0.0,True,560648.3,335885.3,3497.51,0.0,True,True,False,False
Tn Mental Health Consumers Assn.,,560000.0,237500.0,70000.0,0.0,True,,0,0.0,0.0,0.0,0.0,False,0.0,0.0,0.0,0.0,0.0,False,560000.0,237500.0,70000.0,0.0,True,False,False,False
Magellan Health Services,,560000.0,385000.0,0.0,0.0,True,,0,0.0,0.0,0.0,0.0,False,0.0,0.0,0.0,0.0,0.0,False,560000.0,385000.0,0.0,0.0,True,True,False,False
Tennessee Conservation Voters,,560000.0,397500.0,202500.0,0.0,True,,0,0.0,0.0,0.0,0.0,False,0.0,0.0,0.0,0.0,0.0,False,560000.0,397500.0,202500.0,0.0,True,True,True,False
Tennessee Academy Of Pediatric Dentistry,,557500.0,547500.0,230000.0,52500.0,True,,0,0.0,0.0,0.0,0.0,False,0.0,0.0,0.0,0.0,0.0,False,557500.0,547500.0,230000.0,52500.0,True,True,True,True
"Blackberry Farm, Llc",,555000.0,302500.0,137500.0,20000.0,True,,0,0.0,0.0,0.0,0.0,False,0.0,0.0,0.0,0.0,0.0,False,555000.0,302500.0,137500.0,20000.0,True,True,True,False
Tn Assn. Of Audiologists And Speech Language Pathologists,,555000.0,375000.0,150000.0,20000.0,True,,0,0.0,0.0,0.0,0.0,False,0.0,0.0,0.0,0.0,0.0,False,555000.0,375000.0,150000.0,20000.0,True,True,True,False
Schneider Electric,,555000.0,555000.0,460000.0,10000.0,True,,0,0.0,0.0,0.0,0.0,False,0.0,0.0,0.0,0.0,0.0,False,555000.0,555000.0,460000.0,10000.0,True,True,True,False
The Humane Society Of The U.S.,,555000.0,230000.0,80000.0,0.0,True,,0,0.0,0.0,0.0,0.0,False,0.0,0.0,0.0,0.0,0.0,False,555000.0,230000.0,80000.0,0.0,True,False,False,False
"Civil Constructors, Llc",,552500.0,530000.0,305000.0,85000.0,True,Company,0,1000.0,1000.0,1000.0,0.0,True,0.0,0.0,0.0,0.0,0.0,False,553500.0,531000.0,306000.0,85000.0,True,True,True,True
Cratz Inspection Services Inc. D/B/A Sealmaster,,552500.0,462500.0,237500.0,57500.0,True,,0,0.0,0.0,0.0,0.0,False,0.0,0.0,0.0,0.0,0.0,False,552500.0,462500.0,237500.0,57500.0,True,True,True,True
"Curriculum Associates, Llc",,552500.0,532500.0,345000.0,85000.0,True,,0,0.0,0.0,0.0,0.0,False,0.0,0.0,0.0,0.0,0.0,False,552500.0,532500.0,345000.0,85000.0,True,True,True,True
American Council Of Life Insurers,,550000.0,382500.0,195000.0,45000.0,True,,0,0.0,0.0,0.0,0.0,False,0.0,0.0,0.0,0.0,0.0,False,550000.0,382500.0,195000.0,45000.0,True,True,True,False
Educational Testing Service,,550000.0,550000.0,332500.0,85000.0,True,,0,0.0,0.0,0.0,0.0,False,0.0,0.0,0.0,0.0,0.0,False,550000.0,550000.0,332500.0,85000.0,True,True,True,True
Hms,,547500.0,267500.0,42500.0,0.0,True,,0,0.0,0.0,0.0,0.0,False,0.0,0.0,0.0,0.0,0.0,False,547500.0,267500.0,42500.0,0.0,True,True,False,False
"Koch Companies Public Sector, Llc And Affiliates",,545000.0,545000.0,212500.0,0.0,True,,0,0.0,0.0,0.0,0.0,False,0.0,0.0,0.0,0.0,0.0,False,545000.0,545000.0,212500.0,0.0,True,True,True,False
"Highways,Inc.",,542500.0,222500.0,0.0,0.0,True,,0,0.0,0.0,0.0,0.0,False,0.0,0.0,0.0,0.0,0.0,False,542500.0,222500.0,0.0,0.0,True,False,False,False
Tennessee Title Loans Association,,542500.0,170000.0,0.0,0.0,True,,0,0.0,0.0,0.0,0.0,False,0.0,0.0,0.0,0.0,0.0,False,542500.0,170000.0,0.0,0.0,True,False,False,False
Tennessee Tow Truck Association,,540000.0,480000.0,342500.0,122500.0,True,,0,0.0,0.0,0.0,0.0,False,0.0,0.0,0.0,0.0,0.0,False,540000.0,480000.0,342500.0,122500.0,True,True,True,True
Priority Ambulance,,540000.0,540000.0,475000.0,160000.0,True,,0,0.0,0.0,0.0,0.0,False,0.0,0.0,0.0,0.0,0.0,False,540000.0,540000.0,475000.0,160000.0,True,True,True,True
Citigroup,,540000.0,460000.0,360000.0,85000.0,True,,0,0.0,0.0,0.0,0.0,False,0.0,0.0,0.0,0.0,0.0,False,540000.0,460000.0,360000.0,85000.0,True,True,True,True
Purdue Pharma Lp,,537500.0,420000.0,225000.0,45000.0,True,,0,0.0,0.0,0.0,0.0,False,0.0,0.0,0.0,0.0,0.0,False,537500.0,420000.0,225000.0,45000.0,True,True,True,False
Cicero Action,,537500.0,537500.0,537500.0,85000.0,True,,0,0.0,0.0,0.0,0.0,False,0.0,0.0,0.0,0.0,0.0,False,537500.0,537500.0,537500.0,85000.0,True,True,True,True
"Support Solutions Of The Mid-South, Llc",,537500.0,537500.0,230000.0,45000.0,True,,0,0.0,0.0,0.0,0.0,False,0.0,0.0,0.0,0.0,0.0,False,537500.0,537500.0,230000.0,45000.0,True,True,True,False
"Bird Rides, Inc.",,537500.0,537500.0,255000.0,0.0,True,,0,0.0,0.0,0.0,0.0,False,0.0,0.0,0.0,0.0,0.0,False,537500.0,537500.0,255000.0,0.0,True,True,True,False
Cempa Community Care,,535000.0,535000.0,405000.0,85000.0,True,,0,0.0,0.0,0.0,0.0,False,0.0,0.0,0.0,0.0,0.0,False,535000.0,535000.0,405000.0,85000.0,True,True,True,True
Ford Motor Company,,535000.0,535000.0,535000.0,160000.0,True,,0,0.0,0.0,0.0,0.0,False,0.0,0.0,0.0,0.0,0.0,False,535000.0,535000.0,535000.0,160000.0,True,True,True,True
Patients For Fair Compensation,,535000.0,320000.0,0.0,0.0,True,,0,0.0,0.0,0.0,0.0,False,0.0,0.0,0.0,0.0,0.0,False,535000.0,320000.0,0.0,0.0,True,True,False,False
"Pure Storage, Inc.",,532500.0,532500.0,425000.0,85000.0,True,,0,0.0,0.0,0.0,0.0,False,0.0,0.0,0.0,0.0,0.0,False,532500.0,532500.0,425000.0,85000.0,True,True,True,True
Asurion,,502500.0,450000.0,225000.0,45000.0,True,Individual,0,30000.0,30000.0,30000.0,30000.0,True,0.0,0.0,0.0,0.0,0.0,False,532500.0,480000.0,255000.0,75000.0,True,True,True,True
Cg Of Tennessee Llc,,532500.0,532500.0,382500.0,85000.0,True,,0,0.0,0.0,0.0,0.0,False,0.0,0.0,0.0,0.0,0.0,False,532500.0,532500.0,382500.0,85000.0,True,True,True,True
"Freeman Recovery Center, Llc",,520000.0,520000.0,520000.0,260000.0,True,Company,0,10100.0,10100.0,10100.0,500.0,True,0.0,0.0,0.0,0.0,0.0,False,530100.0,530100.0,530100.0,260500.0,True,True,True,True
"Sugarlands Distilling Company, Llc",,527500.0,475000.0,325000.0,65000.0,True,,0,0.0,0.0,0.0,0.0,False,0.0,0.0,0.0,0.0,0.0,False,527500.0,475000.0,325000.0,65000.0,True,True,True,True
Pilot Corporation,,527500.0,30000.0,0.0,0.0,True,,0,0.0,0.0,0.0,0.0,False,0.0,0.0,0.0,0.0,0.0,False,527500.0,30000.0,0.0,0.0,True,False,False,False
Justice Action Network,,527500.0,527500.0,240000.0,0.0,True,,0,0.0,0.0,0.0,0.0,False,0.0,0.0,0.0,0.0,0.0,False,527500.0,527500.0,240000.0,0.0,True,True,True,False
Opportunity Solutions Project,,522500.0,522500.0,192500.0,0.0,True,,0,0.0,0.0,0.0,0.0,False,0.0,0.0,0.0,0.0,0.0,False,522500.0,522500.0,192500.0,0.0,True,True,True,False
Southeast Community Capital Corp.,,522500.0,380000.0,242500.0,52500.0,True,,0,0.0,0.0,0.0,0.0,False,0.0,0.0,0.0,0.0,0.0,False,522500.0,380000.0,242500.0,52500.0,True,True,True,True
State Volunteer Mutual Ins. Co.,,522500.0,302500.0,0.0,0.0,True,,0,0.0,0.0,0.0,0.0,False,0.0,0.0,0.0,0.0,0.0,False,522500.0,302500.0,0.0,0.0,True,True,False,False
First Horizon Bank,,522500.0,397500.0,55000.0,0.0,True,,0,0.0,0.0,0.0,0.0,False,0.0,0.0,0.0,0.0,0.0,False,522500.0,397500.0,55000.0,0.0,True,True,False,False
United Services Automobile Association,,520000.0,310000.0,100000.0,20000.0,True,,0,0.0,0.0,0.0,0.0,False,0.0,0.0,0.0,0.0,0.0,False,520000.0,310000.0,100000.0,20000.0,True,True,True,False
"Graduation Alliance, Inc",,520000.0,520000.0,392500.0,85000.0,True,,0,0.0,0.0,0.0,0.0,False,0.0,0.0,0.0,0.0,0.0,False,520000.0,520000.0,392500.0,85000.0,True,True,True,True
Evergreen Packaging Inc.,,520000.0,45000.0,0.0,0.0,True,,0,0.0,0.0,0.0,0.0,False,0.0,0.0,0.0,0.0,0.0,False,520000.0,45000.0,0.0,0.0,True,False,False,False
The United Company,,520000.0,520000.0,425000.0,85000.0,True,,0,0.0,0.0,0.0,0.0,False,0.0,0.0,0.0,0.0,0.0,False,520000.0,520000.0,425000.0,85000.0,True,True,True,True
Us Nitrogen Llc,,517500.0,360000.0,0.0,0.0,True,,0,0.0,0.0,0.0,0.0,False,0.0,0.0,0.0,0.0,0.0,False,517500.0,360000.0,0.0,0.0,True,True,False,False
Life Science Tennessee,,517500.0,457500.0,295000.0,22500.0,True,,0,0.0,0.0,0.0,0.0,False,0.0,0.0,0.0,0.0,0.0,False,517500.0,457500.0,295000.0,22500.0,True,True,True,False
Blackbird Capital Ii Llc,,515000.0,515000.0,430000.0,0.0,True,,0,0.0,0.0,0.0,0.0,False,0.0,0.0,0.0,0.0,0.0,False,515000.0,515000.0,430000.0,0.0,True,True,True,False
Tn Risk Management Trust,,512500.0,370000.0,245000.0,65000.0,True,,0,0.0,0.0,0.0,0.0,False,0.0,0.0,0.0,0.0,0.0,False,512500.0,370000.0,245000.0,65000.0,True,True,True,True
Global Medical Response,,510000.0,510000.0,425000.0,85000.0,True,Company,0,2000.0,2000.0,2000.0,2000.0,True,0.0,0.0,0.0,0.0,0.0,False,512000.0,512000.0,427000.0,87000.0,True,True,True,True
"Wal-Mart Stores, Inc.",,502500.0,107500.0,0.0,0.0,True,Company,0,9500.0,9500.0,0.0,0.0,True,0.0,0.0,0.0,0.0,0.0,False,512000.0,117000.0,0.0,0.0,True,False,False,False
Pmi Us Corporate Services Inc. And Affiliates,,510000.0,510000.0,510000.0,510000.0,True,,0,0.0,0.0,0.0,0.0,False,0.0,0.0,0.0,0.0,0.0,False,510000.0,510000.0,510000.0,510000.0,True,True,True,True
Swedish Match,,505000.0,325000.0,122500.0,0.0,True,Individual,0,5000.0,5000.0,5000.0,0.0,True,0.0,0.0,0.0,0.0,0.0,False,510000.0,330000.0,127500.0,0.0,True,True,True,False
"Action Now Initiative, Llc",,510000.0,510000.0,420000.0,260000.0,True,,0,0.0,0.0,0.0,0.0,False,0.0,0.0,0.0,0.0,0.0,False,510000.0,510000.0,420000.0,260000.0,True,True,True,True
Tennessee Association Of Chiefs Of Police,,507500.0,427500.0,327500.0,85000.0,True,,0,0.0,0.0,0.0,0.0,False,0.0,0.0,0.0,0.0,0.0,False,507500.0,427500.0,327500.0,85000.0,True,True,True,True
"Neighborhood Preservation, Inc.",,500000.0,500000.0,150000.0,0.0,True,,0,0.0,0.0,0.0,0.0,False,0.0,0.0,0.0,0.0,0.0,False,500000.0,500000.0,150000.0,0.0,True,True,True,False
